2693,743,4877,2459,4409,9906,-1716,-234,-3354,-1560,-3042
2711,1619,4583,1931,3023,1404,234,-78,780,0,312
2833,883,5563,2053,4003,5616,-1014,-234,-2028,-780,-1560
2953,223,5839,2797,5527,3198,260,-520,962,338,1118
3019,1069,5281,2707,4657,6500,-1222,-442,-2392,-832,-1612
3323,1373,6599,1997,3947,5460,-1014,-780,-1092,-1170,-1404
2269,631,4297,1879,3517,572,26,-52,-52,182,260
2477,1697,3803,1931,2711,1404,-234,78,-780,0,-312
3343,1627,6619,1783,3499,4862,650,884,1742,-676,-910
2591,953,5009,1811,3449,5070,-858,-546,-702,-1326,-1638
1747,577,3463,1201,2371,5070,-936,-546,-1326,-936,-1326
1931,839,3803,1151,2243,2574,-312,156,-546,-546,-1014
3389,2297,4871,2999,4091,15886,-2912,-884,-5642,-2210,-4238
2207,257,4391,1973,3923,6136,-1352,-1040,-2600,-416,-728
2243,683,4349,1697,3257,2106,-468,-936,-234,-234,234
2683,1123,4789,2137,3697,5070,936,546,1326,936,1326
3413,1307,6689,2243,4349,4758,702,-312,2106,312,1326
3449,1499,5711,3137,5087,5070,858,546,702,1326,1638
3557,983,6521,3167,5741,702,0,-234,234,0,234
3557,1217,6287,3167,5507,3276,-780,-936,-1404,0,156
3559,1297,6991,2389,4651,6136,1352,1040,2600,416,728
3659,929,7247,2801,5531,988,52,52,364,-260,-260
3673,1723,6949,2347,4297,1092,260,416,260,104,-52
3617,1433,6581,2837,5021,2756,598,364,1300,130,364
3607,877,6883,3061,5791,12974,-2704,-1534,-5590,-988,-2158
3847,1117,7591,2833,5563,3822,-702,-312,-1170,-624,-1014
4211,3041,6473,3119,4289,4966,364,1924,-1118,286,-1274
4229,1499,7817,3371,6101,3432,-858,-858,-1716,0,0
4297,1567,7963,3361,6091,1794,0,546,-390,-156,-702
4337,2153,7691,3167,5351,3276,780,936,1404,0,-156
4373,1877,7649,3593,6089,3666,-858,-1482,-234,-858,-234
4373,1097,8429,3593,6869,2340,0,-780,780,0,780
4397,1277,7907,4007,7127,1950,156,-234,234,468,858
4283,1553,7247,4049,6779,3692,676,676,364,988,988
4241,1511,7673,3539,6269,3744,624,78,1092,702,1248
4297,1021,8353,3517,6793,4290,-936,-1482,-1326,0,546
4409,977,8231,4019,7451,7098,-1404,-546,-3042,-624,-1482
4493,2153,8627,2699,5039,1872,156,0,936,-468,-312
4513,1783,8803,2953,5683,4316,104,806,572,-1066,-1768
4519,619,8887,4051,7951,6084,26,-1534,260,1352,2912
4549,1429,8761,3457,6577,3822,702,312,1170,624,1014
4591,1861,8803,3109,5839,468,78,78,0,156,156
4649,3557,6131,4259,5351,4368,312,1404,-1560,1092,0
4649,3167,6521,4259,5741,1170,0,-390,390,0,390
4729,1999,7927,4261,6991,7020,1170,702,936,1872,2340
4817,2087,8951,3413,6143,1768,-416,-416,-728,-104,-104
4903,3187,7789,3733,5449,3666,312,1326,-1014,624,-390
4909,1399,9199,4129,7639,1872,390,780,312,78,-312
4909,1087,9511,4129,7951,936,0,-312,312,0,312
4931,641,9689,4463,8753,5980,-1430,-2210,-1040,-1040,-260
4937,1973,8681,4157,7121,1222,208,-26,754,-104,130
5003,1493,9839,3677,7187,11050,-1820,-650,-2210,-2600,-3770
5087,2357,9533,3371,6101,3432,858,858,1716,0,0
5113,1993,8779,4567,7687,3614,182,1352,-910,104,-1066
5153,2423,8819,4217,6947,3198,780,1326,390,624,78
5171,2441,8369,4703,7433,1872,234,468,-312,546,312
5171,2441,10163,2909,5639,4914,234,468,1482,-1248,-1482
5189,2459,10181,2927,5657,2782,676,676,1378,-26,-26
5231,4373,6869,4451,5309,5772,858,2496,-780,858,-780
5231,3359,7883,4451,6323,2808,78,936,-936,234,-624
5233,2503,9679,3517,6247,1768,416,416,728,104,104
5237,2351,10463,2897,5783,3900,234,858,624,-780,-1404
5407,1117,10243,4861,9151,4680,-1170,-1170,-2340,0,0
5419,1051,10567,4639,9007,4368,416,-442,728,962,1820
5519,1619,9887,5051,8951,5616,286,-884,208,1534,2704
5647,2917,9001,5023,7753,2782,494,494,182,806,806
5653,3547,9319,4093,6199,4368,416,1196,-1144,1196,416
5683,613,10909,5527,10597,6864,-1638,-1638,-2964,-312,-312
5689,3739,8731,4597,6547,4966,1040,572,2210,338,806
5711,2591,10313,4229,7349,3406,598,598,1534,-338,-338
5717,2207,11411,3533,7043,4056,546,-234,1248,624,1404
5813,1523,11273,4643,8933,3952,130,910,364,-884,-1664
5827,3643,9181,4657,6841,6006,1430,2366,1274,650,-286
5827,1381,11443,4657,9103,6630,-1300,-3016,-598,-286,1430
5849,4679,7487,5381,6551,7774,1300,3250,-1274,1924,-26
5857,397,11551,5623,11083,5486,-1222,-1222,-1846,-598,-598
5879,4241,8297,5099,6737,2080,52,598,-884,442,-104
6011,4373,8429,5231,6869,3484,364,1456,-572,208,-884
6011,4139,8663,5231,7103,702,0,-234,234,0,234
6011,1721,11939,4373,8663,6058,364,-1196,2938,-650,910
6091,2113,10459,5701,9679,3016,572,494,572,650,728
6091,631,11941,5701,11161,1014,234,234,390,78,78
6091,3361,9679,5233,7963,2678,-52,572,-1378,650,26
6121,4561,7759,6043,7603,6396,468,1014,-1560,1950,1404
6143,2789,11057,4583,7937,2678,52,-572,1378,-650,-26
6143,1697,12149,4583,9029,2886,-156,-234,702,-936,-858
6163,3433,10453,4603,7333,10556,-1924,-364,-4108,-1300,-2860
6257,2591,12263,3917,7583,3042,546,0,1950,-312,234
6269,1979,11027,5801,10091,3588,442,598,-416,1144,988
6299,1931,11447,5519,9887,1768,208,-182,988,-182,208
6301,3181,10513,5209,8329,10478,-1846,-1300,-1690,-2548,-3094
6311,2411,12473,4049,7949,9282,2028,858,5226,0,1170
6337,3607,9613,5791,8521,4914,0,0,-1638,1638,1638
6337,3607,11251,4153,6883,2184,0,546,-1092,546,0
6337,3061,12343,3607,6883,2184,0,-546,1092,-546,0
6343,2677,10399,5953,9619,4212,936,1560,156,1092,468
6361,2851,10729,5503,9013,4264,650,260,416,1274,1664
6373,2083,11287,5749,10039,572,104,104,260,-52,-52
6491,1811,12263,5399,10079,3874,130,-1040,1534,-104,1066
6577,2677,11491,5563,9463,1872,234,0,1092,-390,-156
6577,2287,12583,4861,9151,2496,0,-390,1092,-702,-312
6581,1901,12899,4943,9623,3224,208,-182,1612,-806,-416
6607,3877,11833,4111,6841,2912,-520,-520,-208,-832,-832
6637,2113,11551,6247,10771,2236,338,182,104,728,884
6653,1193,13049,5717,11177,6084,-1248,-1560,-780,-1404,-1092
6659,5021,9857,5099,6737,3120,780,780,1560,0,0
6781,1321,13099,5923,11383,7800,-1950,-3588,-624,-1638,0
6793,2347,12799,5233,9679,2756,494,416,1352,-286,-208
6803,3527,12809,4073,7349,2418,546,936,546,156,-234
6823,2143,12049,6277,10957,6032,-1300,-1690,-988,-1222,-832
6823,4327,10099,6043,8539,4212,702,-234,2340,0,936
6857,4127,12161,4283,7013,2210,520,520,910,130,130
6869,2267,13421,4919,9521,4290,858,546,1482,546,858
6899,2999,12437,5261,9161,3588,598,-182,1924,52,832
6907,2617,13381,4723,9013,3900,104,-910,572,650,1664
6947,4217,11471,5153,7883,4680,936,78,2808,-78,780
6961,2671,11329,6883,11173,7020,624,-936,1716,1092,2652
6977,4481,10253,6197,8693,3588,676,1300,-260,988,364
6977,3701,11813,5417,8693,2028,78,702,-624,156,-468
6977,2297,13841,4793,9473,2964,78,-702,1404,-468,312
6997,2161,13003,5827,10663,2704,416,260,104,884,1040
7027,6091,8353,6637,7573,6786,936,2730,-1326,1404,-390
7027,1567,13033,6481,11941,3822,390,-546,1482,234,1170
7043,1583,12893,6653,12113,2808,390,390,-156,936,936
7043,1583,13829,5717,11177,1560,390,390,780,0,0
7057,1597,13921,5653,11113,3432,234,-546,1872,-624,156
7069,5821,8707,6679,7927,11700,1352,3614,-2704,3146,884
7079,1619,13397,6221,11681,988,52,52,364,-260,-260
7103,1877,13109,6323,11549,4368,234,-390,-312,1404,2028
7103,4373,10847,6089,8819,2106,0,0,-702,702,702
7103,4373,11549,5387,8117,858,156,156,78,234,234
7127,4397,10247,6737,9467,5616,858,2418,-780,936,-624
7127,4397,12041,4943,7673,2912,520,520,208,832,832
7211,5261,10799,5573,7523,3354,234,780,546,-624,-1170
7243,1783,14107,5839,11299,6942,1560,1170,3198,312,702
7247,617,14423,6701,13331,7332,-1716,-2340,-1716,-1092,-468
7321,2251,13873,5839,10909,1170,78,468,-234,0,-390
7349,2591,14447,5009,9767,2574,442,-26,1066,286,754
7417,3517,13033,5701,9601,2574,624,1170,234,468,-78
7451,821,14549,6983,13613,5070,208,-962,442,1144,2314
7369,2689,13999,5419,10099,2730,312,1092,78,-234,-1014
7369,4639,12517,4951,7681,5226,546,312,2418,-1092,-858
7481,2801,14891,4751,9431,6162,1170,390,2418,702,1482
7393,1933,13009,7237,12697,6084,-1456,-2548,-988,-832,260
7489,1249,14821,6397,12637,9204,-1482,-702,-1248,-2496,-3276
7517,4007,13757,4787,8297,3276,390,-390,1716,-156,624
7523,6353,9239,6977,8147,4758,546,1872,-1014,780,-546
7529,4799,10337,7451,10181,7098,-1482,-3432,234,-1248,702
7583,2903,14447,5399,10079,1248,234,312,0,390,312
7673,1823,13679,7517,13367,6084,676,-338,676,1690,2704
7687,4177,13381,5503,9013,3120,780,1560,0,780,0
7699,601,15187,7309,14407,4004,26,-1222,1508,-208,1040
7741,3373,12889,6961,11329,3276,780,702,1560,78,156
7759,4561,12517,6199,9397,3432,390,-78,0,1248,1716
7789,379,15511,7477,14887,650,-130,-130,-130,-130,-130
7823,2753,15077,5639,10709,3744,780,1170,1248,-78,-468
7877,5147,12791,5693,8423,5928,1300,2860,208,832,-728
7877,2417,13883,7331,12791,8840,1300,130,1300,2470,3640
7877,5693,11621,6317,8501,1872,0,546,-312,-234,-780
7877,5147,11933,6551,9281,1872,0,-546,312,234,780
7877,2417,14741,6473,11933,2574,0,0,858,-858,-858
7883,5153,13187,5309,8039,3354,780,780,1638,-78,-78
7883,5153,11549,6947,9677,3978,780,780,702,858,858
7883,2579,15761,5309,10613,5148,1014,312,2340,390,1092
7901,5171,12893,5639,8369,7020,78,2418,-2184,0,-2340
7901,2753,13829,7121,12269,3588,858,1170,936,468,156
7919,509,15641,7607,15017,650,130,130,130,130,130
7919,1289,15641,6827,13457,2340,468,468,1092,-156,-156
7927,5197,11593,6991,9721,4056,26,26,-1300,1352,1352
7927,4261,14323,5197,8863,3302,26,-910,1430,-442,494
7951,4519,14503,4831,8263,9984,1170,3198,1404,-1092,-3120
8017,2557,15427,6067,11527,6006,624,624,2418,-1170,-1170
8039,1487,15761,6869,13421,5616,156,-1092,0,1560,2808
8053,2593,16087,5479,10939,4212,572,-208,1196,728,1508
8087,3797,14561,5903,10193,6344,598,2548,-260,-494,-2444
8093,3023,14957,6299,11369,3510,-728,-338,-2054,208,-182
8123,1493,15299,7577,14207,7566,1066,-104,1378,1924,3094
8123,3833,13037,7499,11789,5304,364,-728,520,1300,2392
8147,4481,12203,7757,11423,5902,754,2548,-806,520,-1274
8147,2297,15791,6353,12203,1716,130,-260,364,286,676
8147,2531,16103,5807,11423,1196,130,-26,676,-260,-104
8161,4729,14323,5431,8863,936,234,468,0,234,0
8171,3803,13709,7001,11369,2808,78,780,-1248,702,0
8209,2749,16087,5791,11251,936,156,156,0,312,312
8219,1277,15551,7829,14771,2444,520,676,364,520,364
8219,4241,14537,5879,9857,4368,702,234,780,1092,1560
8237,1607,15413,7691,14321,7982,-1664,-2834,-2210,52,1222
8237,827,16193,7691,15101,2340,0,-780,780,0,780
8273,2969,13967,7883,13187,4758,234,1482,-1794,1014,-234
8273,863,16229,7727,15137,3900,234,-624,468,858,1716
8297,2837,14771,7283,12743,3588,624,1014,1092,-234,-624
8353,787,16699,7573,15139,8424,-2106,-4212,0,-2106,0
8353,4297,15139,5623,9679,3978,936,780,2106,-78,78
8353,2113,16699,6247,12487,3120,-780,-1560,0,-780,0
8563,1153,16519,8017,15427,7176,416,-1144,728,1664,3224
8693,2843,14699,8537,14387,2366,52,832,-650,-26,-806
8731,4051,13723,8419,13099,6474,104,884,-2470,1898,1118
8731,541,17389,8263,16453,3900,104,-1066,1196,182,1352
8731,4909,13723,7561,11383,3432,0,858,0,-858,-1716
8741,6323,13109,6791,9209,4212,858,1170,1560,-156,-468
8753,1187,17489,7583,15149,8970,-2184,-3744,-1014,-1794,-234
8753,5009,14057,7193,10937,3120,156,-468,0,936,1560
8783,1997,17519,6833,13619,4602,156,-1170,1326,312,1638
8803,5683,14107,6619,9739,7098,1482,3432,234,780,-1170
8819,6089,12251,8117,10847,4134,78,-234,-858,1326,1638
8821,5233,15139,6091,9679,1872,468,936,0,468,0
8821,3361,17401,5701,11161,1170,0,0,390,-390,-390
8849,4481,13997,8069,12437,2574,312,-156,546,546,1014
8849,2999,15401,8147,13997,1794,156,156,702,-390,-390
8839,1429,16561,8527,15937,8970,962,-988,2678,1196,3146
8821,3361,17011,6091,11551,1170,0,0,-390,390,390
8839,2287,16561,7669,14221,3432,0,858,0,-858,-1716
8941,2389,16273,8161,14713,7332,1040,-364,2444,1040,2444
8849,6899,12437,7211,9161,6162,312,2262,-1014,-312,-2262
8941,1609,17053,8161,15493,2340,0,-780,780,0,780
8963,2957,16139,7793,13799,2626,286,286,1066,-494,-494
8969,4679,14897,7331,11621,2886,442,1066,-494,754,130
8971,1951,16069,8893,15913,2184,390,468,0,702,624
9001,3541,17191,6271,11731,4394,338,884,962,-832,-1378
9007,3001,16963,7057,13063,5720,884,1508,1664,-520,-1144
9011,8231,10103,8699,9479,7098,1482,3432,-234,1248,-702
9029,2477,17921,6689,13241,3458,676,364,1222,442,754
9041,4751,14423,7949,12239,5304,78,1794,-1716,156,-1560
9041,4751,16529,5843,10133,2106,520,598,910,52,-26
9043,3583,17623,5923,11383,3458,416,416,1430,-598,-598
9049,8191,10687,8269,9127,10088,-1924,-1066,-3172,-1534,-2392
9091,5581,13381,8311,11821,3588,338,572,-676,1118,884
9091,5581,15331,6361,9871,2470,494,104,1274,104,494
9133,3673,16699,7027,12487,2808,312,312,-312,936,936
9103,2473,16903,7933,14563,3744,884,1196,1352,104,-208
9173,2543,17519,7457,14087,2028,390,546,0,624,468
9281,1091,18251,8501,16691,2990,-650,-1430,130,-650,130
9281,3821,17471,6551,12011,3588,754,208,2080,-26,520
9293,2663,17093,8123,14753,3510,286,-338,130,1066,1690
9319,8461,10957,8539,9397,9360,1560,3900,-1560,2340,0
9319,4639,18367,4951,9631,8892,312,1638,1404,-2106,-3432
9319,1129,18367,8461,16651,5070,26,-1534,1274,338,1898
9323,1523,18059,8387,16187,6786,1404,1014,2418,780,1170
9337,3877,17293,6841,12301,4836,-130,1040,-364,-1066,-2236
9371,3911,16703,7499,12959,2080,364,910,-260,442,-104
9341,4271,18233,5519,10589,3016,520,910,832,-182,-572
9377,1811,18503,7817,15383,2730,624,624,1014,234,234
9377,3371,18503,6257,12263,6240,0,1560,0,-1560,-3120
9413,5903,15107,7229,10739,5850,1326,2106,546,1326,546
9413,2003,18149,8087,15497,3744,832,520,2080,-104,208
9419,5441,16127,6689,10667,3380,598,208,988,598,988
9431,3191,16529,8573,14813,2886,468,234,390,780,1014
9431,2411,18089,7793,14813,3120,0,-780,1560,-780,0
9467,3461,17033,7907,13913,2158,364,988,130,-26,-650
9467,2837,17657,7907,14537,1534,364,364,754,-26,-26
9479,4409,17981,6047,11117,6786,-1638,-1404,-3510,0,-234
9497,2633,18311,7547,14411,3042,468,156,390,858,1170
9521,8429,11393,8741,9833,5538,702,2340,-858,624,-1014
9521,6791,14669,7103,9833,2418,0,702,-1014,312,-390
9521,6089,15683,6791,10223,2418,0,-702,1014,-312,390
9521,1721,18959,7883,15683,5538,1248,858,2730,156,546
9587,5297,14423,9041,13331,3276,546,546,0,1092,1092
9587,4751,18713,5297,10133,3276,546,0,2184,-546,0
9601,7963,12409,8431,10069,8684,-1768,-1066,-3328,-910,-1612
9613,8053,11719,9067,10627,8216,26,2756,-2704,26,-2704
9613,6337,15619,6883,10159,3042,0,1014,-1014,0,-1014
9613,5323,16633,6883,11173,1248,-156,-546,156,-78,312
9631,1051,18913,8929,17509,2262,312,-78,546,468,858
9689,5477,17021,6569,10781,3510,598,-104,1690,208,910
9739,5059,15511,8647,13327,7670,1820,3770,-130,1820,-130
9749,2339,19031,7877,15287,4524,468,1248,780,-624,-1404
9769,5869,16477,6961,10861,1248,156,546,-156,78,-312
9769,1579,19441,8287,16477,4680,338,-832,1352,494,1664
9781,6271,14149,8923,12433,4966,1118,1898,182,1274,494
9787,1597,18523,9241,17431,1482,156,546,-390,312,-78
9791,1601,19073,8699,16889,2574,468,78,1014,312,702
9817,4357,16447,8647,14107,2496,78,-702,936,0,780
9859,5569,15787,8221,12511,3198,78,-702,1638,-702,78
9859,1669,19687,8221,16411,2184,338,-52,728,338,728
9859,3307,19141,7129,13681,3874,-754,-1846,182,-598,494
9871,1291,19699,8623,17203,4836,494,-520,1196,806,1820
9901,6079,16063,7561,11383,4680,1170,1170,2340,0,0
9901,4441,17623,7639,13099,3900,728,1898,104,182,-988
9923,8363,12653,8753,10313,6292,832,2782,-728,442,-1508
9923,7193,13043,9533,12263,4290,0,-1170,390,780,1950
9923,6803,15773,7193,10313,3770,832,1222,442,832,442
9931,2521,18121,9151,16561,2990,650,1430,-130,650,-130
9931,883,19759,9151,18199,4524,650,-208,1508,650,1508
9941,3389,16883,9551,16103,4524,780,858,0,1482,1404
9973,6619,16057,7243,10597,5382,-624,546,-1794,-624,-1794
9973,3343,19333,7243,13873,5382,-1014,-2184,546,-1404,-234
10039,601,19867,9649,19087,9074,-2080,-2236,-3094,-910,-754
10061,5381,17783,7019,11699,3432,780,1560,312,468,-312
10099,2689,18367,9241,16651,2340,312,1092,-156,0,-780
10099,1129,19927,9241,18211,2574,468,78,1014,312,702
10099,2689,19927,7681,15091,4446,806,26,2834,-442,338
10139,1949,18719,9749,17939,3172,208,1066,-1040,598,-260
10139,3119,19421,7877,14897,1950,390,780,390,0,-390
10169,6659,14537,9311,12821,8034,1872,3822,-234,2028,78
10177,1987,18757,9787,17977,2106,390,390,234,546,546
10223,4919,20441,5309,10613,7332,1560,546,4212,-78,936
10247,4241,17033,9467,15473,4680,780,780,0,1560,1560
10247,4397,18671,7673,13523,3978,780,936,1638,-234,-390
10271,6761,16823,7229,10739,3432,858,858,1716,0,0
10271,3251,20021,7541,14561,1170,0,390,-390,0,-390
10271,2861,20411,7541,14951,1170,0,-390,390,0,390
10273,6373,15733,8713,12613,2392,104,-286,1196,-598,-208
10273,4813,17293,8713,14173,2912,26,572,260,-754,-1300
10301,6011,15683,9209,13499,2964,442,442,-104,988,988
10301,6011,16229,8663,12953,1638,0,0,546,-546,-546
10313,7817,14759,8363,10859,3978,390,-546,2106,-390,546
10343,2777,19469,8783,16349,6552,1612,2236,2080,520,-104
10343,1607,20639,8783,17519,3510,0,-1170,1170,0,1170
10427,4967,18461,7853,13313,4992,156,1716,-1560,312,-1248
10427,4967,18773,7541,13001,936,0,0,312,-312,-312
10457,3593,20051,7727,14591,3302,598,286,910,598,910
10459,4999,16699,9679,15139,7800,962,2366,-1612,2132,728
10459,4999,20521,5857,11317,5200,1118,728,2288,338,728
10463,5003,17093,9293,14753,4680,1170,2340,0,1170,0
10487,5573,17351,8537,13451,6552,1326,3042,468,468,-1248
10499,6131,15647,9719,14087,5928,598,52,-416,2158,2704
10559,5021,17657,8999,14537,1508,286,208,364,286,364
10589,4349,17921,9497,15737,2782,130,-650,1222,-182,598
10597,6073,17851,7867,12391,3666,-702,-156,-1638,-312,-858
10597,4591,19333,7867,13873,2496,624,1248,0,624,0
10601,6311,15359,10133,14423,2340,-468,-78,-1248,-78,-468
10607,5147,20357,6317,11777,4134,546,-234,2574,-702,78
10607,7877,14741,9203,11933,2652,-260,286,-572,-494,-1040
10607,5147,17393,9281,14741,5642,-260,-1820,2002,-962,598
10607,5147,20201,6473,11933,468,0,0,-156,156,156
10607,1637,20903,9281,18251,2418,0,-780,702,78,858
10607,5927,16691,9203,13883,2418,0,780,-702,-78,-858
10607,2417,20201,9203,17393,2106,0,0,-702,702,702
10607,2417,20903,8501,16691,2106,0,0,702,-702,-702
10631,5171,19289,7433,12893,2808,0,0,936,-936,-936
10733,3323,21419,7457,14867,5694,390,546,1950,-1326,-1482
10739,2861,21347,8009,15887,2808,468,0,936,468,936
10799,6977,15791,9629,13451,4368,312,1404,-1560,1092,0
10831,7243,17929,7321,10909,3510,234,1170,78,-546,-1482
10831,6151,16603,9739,14419,3588,78,1248,-936,-78,-1248
10831,5059,21283,6151,11923,6214,1352,650,3302,104,806
10847,8117,15683,8741,11471,4758,546,2106,-546,78,-1482
10847,4217,21377,6947,13577,4134,390,624,1326,-780,-1014
10853,7499,15767,9293,12647,6318,390,2496,-1326,0,-2106
10861,4231,21313,7039,13669,4836,234,-390,2340,-1248,-624
10867,2131,19993,10477,19213,3744,-624,-1170,-936,234,780
10867,6967,15391,10243,14143,3900,260,1040,-1300,1040,260
10903,5443,20887,6379,11839,4914,0,0,1638,-1638,-1638
10867,7591,15313,9697,12973,2418,0,624,-78,-546,-1170
10889,4259,20717,7691,14321,2574,156,936,-702,234,-546
10891,2311,21499,8863,17443,4628,182,884,728,-1066,-1768
10903,5443,17299,9967,15427,4004,416,-130,-52,1430,1976
10867,6967,18043,7591,11491,3432,806,1586,260,572,-208
10949,3851,19997,8999,16097,5122,286,1612,130,-884,-2210
10903,5443,19249,8017,13477,2990,416,-130,1898,-520,26
10937,4931,18503,9377,15383,3900,286,-728,1300,286,1300
10937,3371,20063,9377,16943,2392,286,988,-416,286,-416
10979,1697,21821,9419,18701,6630,-1430,-2600,-1430,-260,910
10973,9257,13859,9803,11519,9516,702,2496,-2964,2574,780
10987,5527,18787,8647,14107,2886,390,936,-546,780,234
10993,8263,14347,10369,13099,5070,-624,-624,-2106,858,858
10993,7639,17077,8263,11617,4602,1092,1560,1014,702,234
10993,6079,17467,9433,14347,2912,494,-52,1820,-286,260
10993,4363,19183,9433,16063,3458,650,1586,-286,650,-286
11003,10457,11939,10613,11159,7254,1482,2028,546,1872,1326
11003,2423,19739,10847,19427,5928,364,754,-1508,1846,1456
11003,10067,12329,10613,11549,1170,0,-390,390,0,390
11003,8429,13967,10613,13187,4914,0,-1638,1638,0,1638
11003,2423,20129,10457,19037,1170,0,0,390,-390,-390
11027,5801,17033,10247,15473,3120,780,1560,0,780,0
11069,6389,16607,10211,14891,2340,468,78,1248,78,468
11083,1567,21379,10303,19819,2678,104,-130,-442,884,1118
11083,787,22159,10303,20599,2340,0,-780,780,0,780
11113,8929,13687,10723,12907,5460,260,1430,-2080,1430,260
11117,5813,21491,6047,11351,1924,286,754,208,-104,-572
11159,7727,16931,8819,12251,2808,312,-390,1248,78,780
11161,1801,20599,11083,20443,2496,78,234,-780,780,624
11171,9221,14759,9533,11483,4056,858,1404,0,1170,624
11213,2633,21977,9029,17609,2808,234,936,156,-390,-1092
11239,6247,17401,10069,15061,3198,780,1248,702,390,-78
11243,5393,17483,10853,16703,5070,780,390,390,1560,1950
11251,6961,16633,10159,14449,1274,182,572,26,-52,-442
11257,2521,20773,10477,19213,1560,390,390,780,0,0
11261,6971,17189,9623,13913,3744,234,1170,156,-624,-1560
11279,5039,19937,8861,15101,3250,286,676,754,-572,-962
11279,5039,21341,7457,13697,702,0,0,234,-234,-234
11279,5039,21107,7691,13931,702,0,0,-234,234,234
11279,3089,22511,8237,16427,4212,546,-234,1092,780,1560
11287,5827,17761,10273,15733,1300,260,26,728,26,260
11287,5827,21193,6841,12301,7046,1040,1430,2522,-832,-1222
11299,6229,19489,8179,13249,3042,312,702,702,-468,-858
11299,4201,20347,9349,16447,5304,546,-702,2808,-468,780
11317,1567,21613,10771,20521,1638,234,0,234,468,702
11351,4721,20789,8543,15173,3094,52,520,442,-806,-1274
11369,9029,15737,9341,11681,8684,130,2782,-1664,-728,-3380
11393,7103,19427,7649,11939,4524,780,1950,468,-78,-1248
11471,6011,22079,6323,11783,5304,78,-1092,2652,-1326,-156
11491,9151,14923,10399,12739,3510,624,1560,-390,702,-234
11491,5641,18433,10399,16249,2340,0,780,-780,0,-780
11491,4861,19213,10399,17029,2340,0,-780,780,0,780
11491,3301,20929,10243,18433,2184,234,780,156,-234,-780
11503,6823,18367,9319,13999,4914,1040,1820,1274,26,-754
11503,6823,18679,9007,13687,936,0,0,312,-312,-312
11527,6067,21277,7237,12697,3354,624,624,390,858,858
11551,5701,22861,6091,11941,4992,1092,702,2340,234,624
11593,6133,21187,7459,12919,3874,962,962,1898,26,26
11593,5197,20719,8863,15259,1404,0,468,-468,0,-468
11593,4729,21187,8863,15727,1404,0,-468,468,0,468
11597,8087,16433,10271,13781,7098,624,-1170,2574,468,2262
11597,8087,17291,9413,12923,2574,0,0,858,-858,-858
11617,8887,16453,9511,12241,4368,624,1248,-624,1248,624
11617,6781,19183,8887,13723,2028,234,858,0,-156,-780
11621,4211,20123,10529,17939,2626,130,910,-806,286,-494
11621,3821,20903,10139,17939,1274,130,520,-26,-104,-494
11621,3041,21683,10139,18719,1534,130,-260,754,-104,286
11633,5939,22787,6173,11867,9776,130,-884,4108,-2834,-1820
11633,6719,17327,10853,15767,2808,390,1326,-156,0,-936
11657,6197,18443,10331,15791,3380,754,754,1144,364,364
11657,2687,22811,9473,18443,10764,1716,-702,5928,-78,2340
11677,3877,22051,9103,16903,3718,728,26,2054,104,806
11689,5527,22921,6619,12781,4290,572,-286,1430,572,1430
11699,10061,14897,10139,11777,2366,208,910,-26,-260,-962
11717,5477,22871,6803,13043,10140,2340,2106,4368,546,780
11717,3137,22637,9377,17957,4602,780,-234,2574,0,1014
11743,1993,22039,11197,20947,6578,26,-1144,-598,1820,2990
11777,857,22853,11621,22541,8138,-1664,-2756,-2366,130,1222
11779,7489,17707,10141,14431,2834,182,-598,1274,-130,650
11783,3593,23327,8429,16619,7020,312,1872,468,-1404,-2964
11783,4139,23327,7883,15527,2184,0,546,0,-546,-1092
11821,3631,20479,11353,19543,4836,78,1638,-1560,156,-1404
11833,7933,16903,10663,14563,3510,572,962,-286,1040,650
11833,6373,20023,9103,14563,4446,390,936,1014,-780,-1326
11863,2113,22159,11317,21067,2730,546,546,546,546,546
11863,4297,22159,9133,16699,3510,650,1664,182,104,-910
11887,967,22963,11731,22651,3094,416,104,26,1118,1430
11897,4253,21101,10337,17981,3926,598,52,754,988,1534
11897,5813,22271,7607,13691,3042,208,286,-650,988,910
11903,5897,19469,10343,16349,3926,910,1534,286,910,286
11923,9739,16057,9973,12157,4056,0,1092,-312,-780,-1872
11923,9973,15199,10597,12547,2106,0,234,-858,624,390
11923,8647,16369,10753,14029,4056,0,-1092,312,780,1872
11933,2963,22229,10607,19577,2262,312,-78,546,468,858
11939,4217,22391,9209,16931,2808,156,624,-936,780,312
11939,4919,22157,8741,15761,2574,0,702,-234,-468,-1170
11941,8821,17401,9601,12721,3744,572,-208,1664,260,1040
11941,6091,22861,6871,12721,2340,390,390,0,780,780
11941,1021,23719,11083,22003,3900,78,-1092,1560,-234,936
11941,6481,20521,8821,14281,6084,702,234,3120,-1248,-780
11941,3361,22861,9601,18181,1300,-208,-130,-676,182,104
11959,8059,17497,10321,14221,4446,1092,1092,2106,78,78
11959,6421,21397,8059,13597,5668,1352,1274,2600,182,260
12011,3821,22073,10139,18329,1950,390,780,390,0,-390
12011,6551,20201,9281,14741,3744,52,130,-1196,1222,1144
12011,2963,23789,9281,18329,3432,0,-858,1716,-858,0
12043,7207,21169,7753,12589,2470,-286,338,-1222,26,-598
12049,7369,18679,10099,14779,2964,546,546,312,780,780
12049,3079,24061,9007,17977,1872,0,-468,0,468,936
12049,3547,24061,8539,17041,1872,0,468,0,-468,-936
12073,1153,23539,11527,22447,2184,-546,-858,-468,-312,0
12073,1699,24007,10513,20887,3588,0,546,468,-1014,-1560
12109,1579,24121,10627,21157,6448,-832,-2704,-208,416,2288
12109,4621,21937,9769,17257,8502,1482,0,3354,1092,2574
12119,2837,22961,10559,19841,6786,442,-1040,910,1456,2938
12149,3491,23537,9419,18077,1300,208,130,676,-182,-104
12163,5689,24097,6703,13177,5564,884,650,2756,-754,-520
12197,6737,20543,9311,14771,1664,364,364,520,208,208
12211,5113,19699,11821,18919,3744,390,1482,-780,468,-624
12157,457,24091,11923,23623,9282,-2184,-3744,-702,-2106,-546
12157,4513,24091,7867,15511,5330,806,-208,3302,-676,338
12227,4271,20963,11447,19403,3120,780,1560,0,780,0
12251,7883,20129,8741,13109,3432,208,676,-1040,988,520
12241,7561,20743,8419,13099,4056,624,780,1560,-468,-624
12239,7949,19181,9587,13877,5668,988,988,2548,-572,-572
12239,2879,24251,9587,18947,4810,130,1300,130,-1040,-2210
12239,4517,24251,7949,15671,5954,130,-104,2314,-1820,-1586
12251,4451,24419,7883,15683,2028,468,312,1092,0,156
12289,4099,20947,11821,20011,2340,468,468,468,468,468
12289,2539,23131,11197,20947,2184,546,546,1092,0,0
12323,1949,23087,11933,22307,2418,546,1092,234,312,-234
12323,5849,22697,8423,14897,3900,364,-572,1300,364,1300
12329,6869,22391,7727,13187,2470,286,-338,1222,-26,598
12329,6869,22079,8039,13499,936,0,0,-312,312,312
12343,5479,21937,9613,16477,2028,234,858,0,-156,-780
12343,4933,23029,9067,16477,2184,0,-546,1092,-546,0
12347,4001,23813,9227,17573,5954,1456,1690,2314,364,130
12377,677,24623,11831,23531,12012,-2730,-3120,-3588,-1482,-1092
12377,7853,20021,9257,13781,3198,0,936,-1326,390,-546
12377,6917,21347,8867,14327,3198,0,-936,1326,-390,546
12377,3407,23531,10193,19163,9828,0,2730,-1092,-1638,-4368
12379,5749,24391,6997,13627,5850,1092,-78,3198,156,1326
12391,8179,19333,9661,13873,5148,468,-468,2964,-1092,-156
12391,5449,22063,9661,16603,4524,1092,1248,1716,312,156
12409,4297,23251,9679,17791,1898,260,806,-286,260,-286
12413,1493,23879,11867,22787,9802,364,-1586,-182,2860,4810
12413,7499,21617,8123,13037,6058,910,676,2938,-884,-650
12421,6961,22093,8209,13669,5668,182,-988,2912,-1378,-208
12437,7523,22031,7757,12671,3666,910,1456,754,520,-26
12437,9473,17351,10487,13451,1846,-416,-260,-962,-26,-182
12437,7523,19301,10487,15401,3510,780,1326,858,156,-390
12437,5417,24371,7523,14543,6552,0,-2106,2340,-234,1872
12451,6679,20173,10501,16273,5538,858,1482,-546,1638,1014
12451,6211,20641,10501,16741,1404,0,-468,468,0,468
12479,2339,23399,11699,21839,1560,156,390,312,-234,-468
12497,6803,20921,9767,15461,6318,1560,1872,2418,390,78
12517,7057,19381,11113,16573,4290,468,-312,702,1014,1794
12517,5653,24841,7057,13921,6162,884,-286,2054,884,2054
12547,9817,17851,9973,12703,3042,624,78,1794,0,546
12553,4363,24097,9199,17389,6006,1170,780,1794,936,1326
12589,6661,21247,9859,15787,4446,650,1742,-910,1118,26
12589,3931,23977,9859,18517,4758,650,-286,1586,650,1586
12601,9871,16111,11821,14551,6188,-52,338,-2392,1898,1508
12601,5503,23209,9091,16189,5096,104,-1300,2288,-676,728
12619,2011,24007,11839,22447,2184,546,858,468,312,0
12619,1699,24631,11527,22447,1248,0,-312,624,-312,0
12637,5227,24103,8581,15991,6656,260,-1690,2756,-286,1664
12647,3677,23801,10463,19433,4368,598,598,-260,1456,1456
12653,9923,17957,10079,12809,5434,52,52,1846,-1742,-1742
12653,9533,18503,9923,13043,1326,0,-390,546,-156,234
12659,8837,16871,12269,16091,7618,208,2158,-3302,1768,-182
12689,7229,18461,12377,17837,7566,910,-260,754,2236,3406
12689,7229,23297,7541,13001,5226,312,312,1950,-1326,-1326
12689,7229,20411,10427,15887,4602,312,-624,390,1170,2106
12703,10753,16057,11299,13249,3822,780,780,858,702,702
12713,2729,23087,12323,22307,1560,390,780,0,390,0
12713,5303,22307,10529,17939,3042,-624,-1248,-546,-78,546
12743,4943,25457,7829,15629,5070,364,-806,1066,832,2002
12781,3499,22453,12391,21673,7722,624,3042,-1638,468,-1950
12791,7643,22619,8111,13259,3666,832,1222,1222,52,-338
12791,9281,17159,11933,15443,5226,832,1222,-338,1612,1222
12791,7331,22619,8423,13883,1248,0,-312,0,312,624
12791,5381,25349,7643,15053,4524,468,-468,2652,-780,156
12799,8431,19507,10459,14827,6006,858,1950,-1014,1638,546
12821,1901,23819,12743,23663,8502,702,-936,858,2184,3822
12829,6277,22111,10099,16651,4914,312,-780,2730,-1014,78
12829,7369,21019,10099,15559,3276,0,1092,-1092,0,-1092
12853,9733,18313,10513,13633,1846,416,260,962,26,182
12853,7393,21433,9733,15193,3640,416,-130,2132,-754,-208
12899,10169,16487,12041,14771,5304,1066,2236,-416,1378,208
12907,4327,24763,9631,18211,3666,858,1248,702,624,234
12911,4721,22739,11273,19463,4966,130,1222,286,-1118,-2210
12911,6983,22739,9011,14939,3978,0,-468,1638,-1170,-702
12917,5507,22511,10733,18143,5382,364,1144,-1586,1534,754
12919,3559,23371,11827,21187,7670,572,-442,-442,2600,3614
12919,3559,25087,10111,19471,5070,572,-442,1274,884,1898
12923,9413,18617,10739,14249,4758,1144,1924,910,598,-182
12941,9431,19181,10211,13721,2964,702,1482,0,624,-156
12941,6701,22691,9431,15671,2652,0,-312,1092,-780,-468
12941,7013,21599,10211,16139,2652,0,312,-1092,780,468
12941,4283,24329,10211,18869,2886,702,1404,78,624,-78
12953,6323,25589,6947,13577,2184,-546,-546,-1092,0,0
12953,6323,24419,8117,14747,2418,-546,-546,-1170,78,78
12953,5153,24029,9677,17477,2860,364,1222,52,-182,-1040
12959,2819,24971,11087,21227,4758,312,-858,1170,624,1794
12967,7507,18973,12421,17881,7098,26,494,-2626,2210,1742
12967,6337,20143,12421,19051,3510,0,-1170,1170,0,1170
12967,6337,25603,6961,13591,2184,0,546,0,-546,-1092
12967,6337,21313,11251,17881,3510,0,0,1170,-1170,-1170
12967,5791,25603,7507,14683,2184,0,-546,0,546,1092
12973,4003,24907,10009,18979,4498,962,1040,1118,728,650
12979,4789,22651,11497,19687,4420,-442,-442,-1768,884,884
13001,7541,18773,12689,18149,1560,312,312,312,312,312
13001,7541,23609,7853,13313,1560,312,312,312,312,312
13001,5591,21269,12143,19553,6396,0,-1950,2496,-546,1404
13003,10273,16903,11833,14563,1040,104,104,416,-208,-208
13003,10273,17293,11443,14173,1170,0,0,390,-390,-390
13007,3881,25253,9887,19013,4368,858,390,1716,468,936
13033,5623,25903,7573,14983,7566,1092,-468,3042,702,2262
13043,4073,25523,9533,18503,5200,832,1690,1144,-338,-1196
13063,7213,19069,12907,18757,4992,546,156,-312,1794,2184
13109,6791,24107,8429,14747,1248,156,468,-312,312,0
13121,6491,22013,10859,17489,5148,624,-312,1092,1092,2028
13127,6263,20771,12347,19211,5174,676,52,130,1846,2470
13127,8447,20771,10163,14843,4602,-624,-1482,858,-1248,-390
13127,3533,24671,11177,20771,2600,208,-26,1300,-650,-416
13127,2441,25763,11177,21863,3276,0,-1092,1092,0,1092
13127,4937,24281,10163,18353,3562,208,1378,-806,52,-1118
13127,4391,26153,8837,17573,3900,780,390,2340,-390,0
13163,2243,26189,11057,21977,4446,-78,1014,-234,-1014,-2106
13219,7759,19381,12517,17977,2184,156,546,312,-390,-780
13177,9433,18481,11617,15361,2496,0,702,-312,-390,-1092
13171,3889,24793,10831,20113,4238,260,-832,2054,-442,650
13219,9397,20161,10099,13921,4914,390,2028,-858,0,-1638
13219,7057,24841,7759,13921,2808,702,1404,0,702,0
13219,8929,18679,12049,16339,3978,0,1170,-702,-468,-1638
13229,3011,26177,10499,20717,5616,52,-1586,1144,598,2236
13241,5519,22133,12071,19793,4446,1014,1248,1170,624,390
13241,1229,26423,12071,24083,4446,78,-1014,234,1014,2106
13249,9739,17851,12157,15667,5928,702,-78,0,2184,2964
13249,2017,26431,11299,22531,6474,78,-1872,1638,468,2418
13267,10303,18181,11317,14281,5070,468,1872,-1326,858,-546
13267,1801,25903,12097,23563,1664,26,572,-520,26,-520
13327,7321,24793,7867,13873,5018,416,338,2054,-1144,-1066
13267,7027,24421,8353,14593,4290,234,1404,-1482,780,-390
13327,4591,24793,10597,19333,1872,156,702,0,-234,-780
13291,8923,21559,9391,13759,4056,-390,702,-1872,0,-1092
13291,5101,25771,9001,17191,3094,338,-52,1742,-676,-286
13309,6211,25087,8629,15727,5122,182,1820,-1066,-208,-1846
13313,4733,25013,10193,18773,4134,936,1326,1482,0,-390
13331,7481,21911,10601,16451,1872,390,468,312,390,312
13331,10211,19181,10601,13721,1560,390,780,0,390,0
13331,4049,26513,9431,18713,3744,390,-234,2184,-780,-156
13337,9203,20201,10607,14741,5304,1326,2652,0,1326,0
13337,7877,20201,11933,17393,5304,0,-1326,0,1326,2652
13337,5693,22541,11777,19421,3978,624,390,234,1248,1482
13337,7877,22853,9281,14741,3042,546,546,234,858,858
13633,7549,24007,9343,15427,1248,234,0,780,-78,156
13337,6551,22853,10607,17393,3042,624,1248,546,78,-546
13337,3821,25583,10607,20123,2756,-104,208,364,-884,-1196
13669,5479,27241,8287,16477,5226,156,-1404,1638,234,1794
13399,7549,23227,9421,15271,2886,546,156,1794,-312,78
13421,5231,24419,10613,18803,3198,468,78,390,936,1326
13441,3613,25219,11491,21319,2756,104,-208,-364,884,1196
13451,3701,24371,12281,22031,3744,832,1690,364,442,-416
13451,2531,25541,12281,23201,3510,0,-1170,1170,0,1170
13451,1361,26711,12281,24371,3510,0,-1170,1170,0,1170
13457,3083,25391,11897,22271,3172,208,1066,-1040,598,-260
13463,6053,21419,12917,20327,6552,546,546,-1092,2184,2184
13463,6053,23603,10733,18143,2184,546,546,1092,0,0
13463,3557,26099,10733,20639,1170,234,546,-78,234,-78
13499,6869,26681,6947,13577,2184,546,546,1092,0,0
13499,8039,20129,12329,17789,7878,910,1378,-1118,2470,2002
13499,6869,25589,8039,14669,2418,390,78,1482,-390,-78
13499,1409,26759,12329,24419,8216,1612,442,3796,598,1768
13513,9769,18427,12343,16087,5226,546,2262,-546,-78,-1794
13513,6883,25603,8053,14683,2184,546,1092,0,546,0
13523,5333,26237,8999,17189,4680,780,390,780,1170,1560
13537,5347,26251,9013,17203,4316,494,1274,728,-520,-1300
13553,7547,25409,7703,13709,3328,286,520,988,-650,-884
13577,8117,21143,11471,16931,2886,78,78,1014,-858,-858
13613,8387,22349,10103,15329,3276,702,936,1248,-78,-312
13613,2693,26249,11897,22817,1950,156,-390,858,0,546
13613,4253,26249,10337,19697,2704,286,-338,1456,-260,364
13619,6521,21107,13229,20327,1248,156,468,-312,312,0
13679,9311,21557,10169,14537,6162,1482,2574,1014,858,-234
13679,8609,22961,9467,14537,2808,0,-702,1404,-702,0
13679,5099,27329,8609,17189,1872,156,-234,1092,-390,0
13681,8221,23431,9391,14851,3744,572,1430,-676,962,104
13681,7753,23899,9391,15319,1404,0,-468,468,0,468
13693,5113,24847,11119,19699,5148,650,1040,-676,1586,1196
13697,6287,21341,13463,20873,1326,78,-234,234,234,546
13721,5531,23159,12473,20663,6240,754,-806,3016,52,1612
13723,9277,20899,10993,15439,3822,546,-156,2418,-624,78
13729,6709,24571,9907,16927,4966,416,1976,-442,-286,-1846
13751,9929,19913,11411,15233,4602,624,1482,-858,1248,390
13757,4943,25301,11027,19841,6240,234,-390,-936,2028,2652
13759,2371,26317,12589,23977,2366,260,962,-442,260,-442
13759,1201,27487,12589,25147,2184,260,-208,728,260,728
13759,6661,23977,10639,17737,3302,338,1430,-442,26,-1066
13759,5647,25771,9859,17971,2652,468,546,0,858,780
13781,10271,20333,10739,14249,3432,858,858,1716,0,0
13781,1223,27509,12611,25169,5850,-1326,-2574,-702,-702,546
13789,4507,25801,11059,20341,5486,338,806,1430,-1222,-1690
13799,11069,17387,12941,15671,3640,286,1300,-1040,598,-416
13799,10211,20117,11069,14657,2808,468,0,936,468,936
13841,2141,26399,12983,24683,2496,390,780,-312,702,312
13841,5651,25541,10331,18521,3510,0,0,-1170,1170,1170
13841,5651,26711,9161,17351,3510,0,0,1170,-1170,-1170
13859,8009,21737,11831,17681,4212,-858,-1248,-156,-1170,-780
13859,4421,26417,10739,20177,4212,546,-312,1404,546,1404
13877,7247,26591,7793,14423,2236,364,364,988,-260,-260
13877,6857,26981,7793,14813,1170,0,-390,390,0,390
13883,5693,25349,10607,18797,3822,910,1690,442,598,-182
13901,10313,20219,11171,14759,6708,1248,780,1716,1248,1716
13903,8599,21937,11173,16477,2314,572,1118,26,572,26
13933,9643,19237,12919,17209,4628,182,-286,-676,1508,1976
13933,9643,21499,10657,14947,3094,182,-286,1586,-754,-286
14009,6599,22511,12917,20327,2184,390,78,1404,-312,0
14009,6599,27737,7691,15101,9308,1846,910,3640,988,1924
14029,2719,26821,12547,23857,2704,416,26,572,650,1040
14057,5867,24197,12107,20297,3354,364,754,-650,988,598
14057,3137,26927,12107,23027,7956,0,-2340,1404,936,3276
14057,5477,25523,11171,19751,1508,364,364,676,52,52
14057,3137,27941,11093,22013,3042,0,0,1014,-1014,-1014
14081,9791,18839,13613,17903,5564,832,52,988,1456,2236
14081,6983,25469,9791,16889,2262,0,624,-234,-390,-1014
14081,6359,25703,10181,17903,2262,0,-624,234,390,1014
14107,3733,26431,12157,22531,2262,494,1040,182,260,-286
14143,6967,25219,10243,17419,3406,260,1274,-130,-364,-1378
14149,6271,27487,8689,16567,4680,858,1170,1716,-312,-624
14149,5647,26161,10639,19141,2730,390,0,390,780,1170
14153,11813,16883,13763,16103,10452,1716,2340,-468,3276,2652
14153,3389,25307,13763,24527,3588,312,1248,-1092,780,-156
14173,6607,24469,11443,19009,4160,416,1664,-832,416,-832
14177,6221,24083,12227,20183,3588,-702,0,-2184,78,-624
14197,11467,19423,11701,14431,3666,416,1196,-910,962,182
14197,8893,24571,9127,14431,5902,1196,1352,962,1274,1118
14197,6397,27067,9127,16927,4056,468,-312,2496,-780,0
14197,3823,28081,10687,21061,3536,338,-598,1664,-52,884
14321,1451,28283,13229,26099,4992,0,-1248,0,1248,2496
14321,2699,28283,11981,23603,2808,78,-624,1404,-546,156
14243,3323,26879,12527,23447,6396,780,-234,780,1794,2808
14323,11047,17989,13933,17209,4056,390,1404,-1248,1014,0
14323,10657,18379,13933,17599,1170,0,-390,390,0,390
14323,4729,26647,11593,21187,5200,1196,1196,1976,416,416
14369,4229,28097,10781,20921,2964,312,1092,156,-312,-1092
14387,7757,25931,9473,16103,3692,754,208,1924,130,676
14387,2843,28661,11657,23201,4992,936,312,3120,-624,0
14389,9397,23671,10099,15091,5850,1170,0,3510,0,1170
14389,7759,25309,10099,16729,4914,0,-1638,1638,0,1638
14401,4651,25243,13309,23059,2106,-78,-78,546,-702,-702
14327,3407,27743,11831,22751,3718,130,-416,-338,1144,1690
14341,4201,24793,14029,24169,5616,312,1482,-2028,1482,312
14341,5059,24793,13171,22453,1170,0,0,-390,390,390
14401,5431,28051,9721,18691,6214,1274,1040,1898,884,1118
14341,5059,25183,12781,22063,1170,0,0,390,-390,-390
14419,3499,27367,12391,23311,2418,390,780,546,-156,-546
14423,9587,23549,10133,14969,5668,520,988,1612,-1040,-1508
14437,3517,28711,11083,22003,5122,1274,1274,2522,26,26
14447,8597,22637,12107,17957,5772,1326,2106,624,1248,468
14423,2333,28697,12239,24329,5694,-546,624,-1170,-1092,-2262
14447,6257,24977,12107,20297,1560,390,390,780,0,0
14461,11731,19141,12511,15241,6396,-468,1092,-1716,-780,-2340
14479,7459,28051,7927,14947,6864,1170,1248,2964,-702,-780
14479,4729,24697,14011,23761,2106,78,78,-546,702,702
14489,11369,19949,12149,15269,5876,1222,1066,1768,832,988
14489,12149,17921,13397,15737,4524,0,780,-2028,1248,468
14489,2789,27281,13397,25097,4862,-884,-1118,-1898,364,598
14489,9419,20807,13241,18311,6630,-1092,390,-3666,0,-1482
14489,6299,27749,9419,17609,8268,1482,2418,2496,-468,-1404
14503,3037,27919,12553,24019,1872,182,338,-364,572,416
14503,9043,22303,12163,17623,5772,780,-234,1404,1170,2184
14503,6703,25969,10837,18637,4654,1040,650,2366,104,494
14533,3457,25999,14143,25219,8580,1092,-156,780,2652,3900
14543,8537,26399,8693,14699,3588,156,780,468,-780,-1404
14543,6977,23669,12983,20549,2184,0,-546,0,546,1092
14543,7523,23669,12437,19457,2184,0,546,0,-546,-1092
14549,7451,28277,7919,15017,2808,-624,-1092,0,-780,-312
14549,6827,28901,7919,15641,1872,0,-624,624,0,624
14549,1289,28901,13457,26717,6968,-338,-2444,2080,-650,1456
14551,3631,28669,11353,22273,2236,494,494,728,260,260
14551,4723,29059,9871,19699,2340,0,0,780,-780,-780
14551,4723,28279,10651,20479,1430,182,494,182,-130,-442
14557,10657,20173,12841,16741,3120,624,1014,936,-78,-468
14563,3253,28057,12379,23689,7722,1742,1352,4238,-364,26
14591,8741,24809,10223,16073,4394,910,988,910,832,754
14591,6791,24029,12953,20753,6344,832,130,52,2314,3016
14593,2113,29179,12487,24967,3588,-780,-1794,0,-546,468
14621,3701,26711,13451,24371,2652,468,312,1404,-312,-156
14621,2609,27803,13451,25463,3276,0,-1092,1092,0,1092
14669,9209,21221,13577,19037,4056,-468,-1014,780,-1170,-624
14629,8779,23911,11197,17047,3458,182,182,1274,-910,-910
14653,7243,28927,7789,15199,1118,104,416,26,-130,-442
14653,4513,25339,14107,24247,1326,312,312,546,78,78
14627,9791,23753,10337,15173,4212,1014,1404,1404,234,-156
14653,11923,19489,12547,15277,6006,1404,2184,1638,390,-390
14627,7607,25391,10883,17903,2418,0,624,-1170,546,-78
14653,9973,22063,11923,16603,4914,26,182,-1690,1586,1430
14627,6983,26561,10337,17981,2262,546,624,858,156,78
14653,7243,24793,11923,19333,3458,26,-364,-598,1040,1430
14629,3319,27967,12601,23911,3172,572,182,1040,494,884
14723,3803,26189,14177,25097,3120,234,1014,-1092,780,0
14669,5309,29021,9677,19037,4784,520,-338,2860,-962,-104
14669,8117,26681,9209,15761,3900,78,-624,1872,-1014,-312
14717,9257,21893,13001,18461,4212,858,1248,156,1170,780
14669,2579,27851,13577,25667,4160,910,1378,364,988,520
14753,7577,28559,8123,15299,7202,364,-182,3250,-1976,-1430
14753,5393,26297,12569,21929,7878,1794,2574,1326,1482,702
14767,13597,16561,14143,15313,9230,1976,4316,-598,2210,-130
14767,11491,20773,12037,15313,6292,1430,2288,572,1430,572
14767,8761,21943,13597,19603,4316,26,-520,-676,1274,1820
14779,7369,27337,9631,17041,3432,26,806,-1612,884,104
14813,1163,29399,13877,27527,5538,-936,-2028,702,-1482,-390
14813,4283,27917,12239,22769,4680,390,1950,-780,0,-1560
14821,7489,28393,8581,15913,4602,624,1092,1326,-546,-1014
14827,6481,23563,14437,22783,6240,650,260,-520,2210,2600
14851,7129,24133,13291,21013,1300,260,338,104,338,260
14851,6661,29671,8221,16411,3900,702,390,2184,-468,-156
14867,1217,28751,14633,28283,4836,546,-234,468,1404,2184
14867,6287,23993,14321,22901,6630,858,-312,1482,1404,2574
14867,1997,28283,14321,27191,2652,0,780,-468,-312,-1092
14867,1217,29453,13931,27581,2106,0,0,702,-702,-702
14869,11437,18691,14479,17911,2496,546,780,312,546,312
14869,11047,19081,14479,18301,1170,0,-390,390,0,390
14869,10657,19471,14479,18691,1170,0,-390,390,0,390
14869,7069,23059,14479,22279,6318,390,2340,-1638,468,-1482
14869,6679,26881,11047,19237,1638,0,0,-546,546,546
14869,6679,27427,10501,18691,1638,0,0,546,-546,-546
14879,8951,23537,12149,18077,4914,390,-468,2730,-1092,-234
14879,6221,26267,12149,20807,3588,702,0,2184,-78,624
14887,3733,26821,14107,25261,3510,234,-780,1482,0,1014
14891,10601,23003,11069,15359,3354,468,1014,-546,936,390
14891,3191,27449,14033,25733,5772,468,858,-1248,1794,1404
14939,7529,28901,8387,15797,1248,0,-312,624,-312,0
14929,10639,20857,13291,17581,3796,260,1430,-364,-286,-1456
14939,7841,28277,8699,15797,2340,390,390,0,780,780
14969,1709,29867,13331,26591,2652,156,546,468,-546,-936
14947,5197,25243,14401,24151,2262,468,468,546,390,390
14969,6311,27527,11069,19727,6786,156,2028,-390,-1170,-3042
14957,2087,29231,13553,26423,2964,364,-26,52,1066,1456
14983,1879,28477,14593,27697,3302,26,-208,-754,1040,1274
15101,6911,24071,14321,22511,1326,234,624,78,0,-390
15101,6131,24851,14321,23291,1638,234,-156,858,0,390
15101,7691,23603,14009,21419,2652,0,780,-468,-312,-1092
15107,11597,21347,12377,15887,5096,910,130,1924,676,1456
15139,7027,28711,9679,17791,2782,650,728,962,260,182
15107,3797,28211,13313,24623,4992,780,390,468,1482,1872
15173,8543,28277,8699,15329,1404,234,702,0,0,-468
15121,8179,24793,12391,19333,1872,468,936,0,468,0
15187,10273,21661,13627,18541,4992,156,1170,-2028,1326,312
15137,10223,20441,14747,19661,4056,468,1014,-780,1170,624
15187,6373,25561,13627,22441,7956,1014,-234,1092,2184,3432
15137,6947,27851,10613,18803,3276,-624,-702,-312,-858,-780
15187,5827,27901,11833,21193,2184,0,-546,0,546,1092
15187,2551,29383,13627,26263,2496,156,390,624,-546,-780
15227,6257,25523,13901,22871,5382,0,1170,-2574,1404,234
15227,5087,28097,12497,22637,3874,598,1768,130,-104,-1274
15187,6373,27901,11287,20101,2184,0,546,0,-546,-1092
15259,11437,19471,14869,18691,1560,390,780,0,390,0
15259,11047,19861,14869,19081,1170,0,-390,390,0,390
15269,7079,24551,14177,22367,2704,442,598,988,-260,-416
15269,4349,27281,14177,25097,2184,546,546,1092,0,0
15269,2711,29387,13709,26267,1404,312,624,156,156,-156
15271,1699,30403,13711,27283,6240,650,-910,2600,260,1820
15289,2029,29641,14197,27457,7098,182,-1768,1430,884,2834
15299,9371,26687,9839,15767,4654,520,2002,-650,208,-1274
15289,6709,27847,11311,19891,6006,1092,2886,-234,624,-1170
15349,8329,24007,13711,20731,3406,806,1352,338,728,182
15359,1709,29399,14969,28619,1170,0,390,-390,0,-390
15359,1319,29789,14969,29009,1170,0,-390,390,0,390
15373,3907,29179,13033,24499,1950,390,234,702,234,390
15373,3907,29959,12253,23719,1560,390,390,780,0,0
15377,4457,26921,14753,25673,4940,-962,-962,-2288,364,364
15391,10789,21943,13441,18043,4056,338,1040,-1144,1118,416
15401,11423,22109,12671,16649,8502,1248,-390,5226,-1092,546
15401,5573,27179,13451,23279,4212,780,1872,468,0,-1092
15427,1777,29311,15193,28843,4368,156,78,-1092,1482,1560
15493,4339,27427,14713,25867,884,26,-208,416,-130,104
15467,4547,28961,12893,23813,5850,0,0,1950,-1950,-1950
15443,5303,27767,13259,23399,4056,390,-390,624,936,1716
15497,9257,27743,9491,15731,4186,676,1768,-650,910,-182
15497,7307,30941,8243,16433,4264,676,-182,2548,-338,520
15511,13171,19333,14029,16369,4836,858,1248,-156,1482,1092
15467,4547,27011,14843,25763,4992,520,-650,1768,442,1612
15511,11689,21673,13171,16993,4602,858,1716,-390,1248,390
15541,5323,28879,12421,22639,3042,728,1040,962,182,-130
15559,12049,21799,12829,16339,8268,-364,1586,-988,-1690,-3640
15569,6287,26801,13619,22901,3666,468,156,1950,-702,-390
15569,6287,27191,13229,22511,1170,0,0,390,-390,-390
15569,3947,29531,13229,24851,1638,-338,-104,-962,52,-182
15581,9029,24473,13241,19793,2158,520,1066,-26,520,-26
15581,6689,26813,13241,22133,3328,598,1456,364,-26,-884
15581,4271,30323,12149,23459,1300,208,364,364,-104,-260
15601,10141,26209,10453,15913,3666,104,884,-1534,962,182
15607,5857,25981,14983,24733,4316,338,1508,-1300,806,-364
15629,10169,23039,13679,19139,2574,442,-104,1378,52,598
15629,8219,24989,13679,21089,4264,442,1846,-572,52,-1352
15641,7451,30539,8933,17123,4290,702,-78,1638,546,1326
15641,7451,26561,12911,21101,3276,-546,0,-1092,-546,-1092
15641,10181,23831,12911,18371,4966,520,2002,-962,520,-962
15647,14867,16661,15413,16193,14352,2470,5434,-1820,3796,832
15647,2777,28751,15413,28283,3120,780,1560,0,780,0
15647,8237,23603,15101,22511,3120,546,1326,-468,780,0
15647,8237,29921,8783,16193,2184,0,546,-1092,546,0
15647,7691,31013,8237,16193,2184,0,-546,1092,-546,0
15671,4283,29789,12941,24329,4290,130,-1040,910,520,1690
15679,8581,28627,9829,16927,3276,182,-676,884,338,1196
15683,11783,22937,12329,16229,6240,1222,52,3796,-182,988
15683,11393,23327,12329,16619,1170,0,-390,390,0,390
15727,10267,25321,11593,17053,6942,1014,1560,2262,-780,-1326
15647,827,31013,15101,29921,5538,780,-390,2262,468,1638
15647,2777,29297,14867,27737,1638,0,0,546,-546,-546
15647,2777,31013,13151,26021,3978,78,-1170,1482,-78,1170
15649,8629,23761,14557,21577,3822,780,1560,702,78,-702
15667,7477,25183,14341,22531,4290,26,26,-1378,1430,1430
15727,6133,30781,10267,19861,6162,858,-546,3354,-234,1170
15731,10271,23609,13313,18773,4368,1014,1014,1716,312,312
15737,9887,25253,12071,17921,3744,858,936,1716,-78,-156
15737,9341,24473,13397,19793,624,156,312,0,156,0
15737,7001,30713,9497,18233,2028,-390,-936,156,-390,156
15671,12161,21911,12941,16451,5174,130,-260,2158,-1508,-1118
15671,7793,24329,14891,22769,9750,130,2470,-4550,2470,130
15671,8573,29009,9431,16529,2808,598,364,1612,-182,52
15671,9743,24329,12941,18869,3640,598,130,2236,-572,-104
15671,7013,27059,12941,21599,5200,130,1690,-1820,520,-1040
15739,9109,28921,9187,15817,5902,1196,572,2522,494,1118
15749,3191,28697,15359,27917,1950,390,390,390,390,390
15761,7649,28163,11471,19583,1872,234,702,-468,468,0
15767,8747,26141,12413,19433,6838,754,1924,1222,-884,-2054
15787,9547,22573,15241,21481,5772,650,-676,2132,494,1820
15823,1549,31267,14653,28927,4290,-1066,-1378,-1534,-286,26
15859,11959,21397,14221,18121,3042,468,1170,-546,780,78
15877,2617,31321,13693,26953,5798,650,1586,1118,-754,-1690
15877,3163,30931,13537,26251,1794,0,546,-390,-156,-702
15881,3011,29063,15569,28439,1092,234,234,312,156,156
15887,10037,25013,12611,18461,2808,156,-234,1404,-702,-312
15791,7211,26711,13451,22031,3744,390,1638,-468,0,-1248
15803,13463,20327,13619,15959,7254,156,-1404,3666,-1794,-234
15803,10889,21107,15413,20327,7800,156,2652,-2496,312,-2184
15817,9187,28921,9343,15973,468,78,78,0,156,156
15889,8089,27901,11677,19477,2444,416,806,572,-130,-520
15901,7321,31033,9349,17929,2106,260,-130,494,416,806
15907,6781,27763,13177,22303,1664,338,494,572,-52,-208
15823,14653,17539,15277,16447,4914,312,1482,-1794,1248,78
15913,11779,21997,13963,18097,4628,182,1508,-1612,650,-676
15907,4051,30493,13177,25033,1638,338,104,962,-52,182
15919,11239,24967,11551,16231,4030,182,1352,-286,-520,-1690
15919,1879,31051,14827,28867,4056,936,1482,1092,234,-312
15923,10463,22787,14519,19979,7878,156,1716,-3354,2106,546
15971,10979,25253,11681,16673,1170,52,-260,286,130,442
15919,10459,22159,15139,20599,1248,-312,-624,0,-312,0
15919,10459,25747,11551,17011,2340,0,-780,780,0,780
15971,2789,31883,13241,26423,3900,702,78,2496,-468,156
15973,10357,23929,13633,19249,4290,624,2028,-78,-78,-1482
15973,7237,30169,10513,19249,6942,-546,-1092,-1950,1404,1950
16001,10151,23333,14519,20369,1326,78,-312,546,0,390
16007,9767,27941,10313,16553,7774,1378,988,4030,-884,-494
16007,3917,28643,15461,27551,6396,130,754,-2288,1924,1300
16007,10313,22481,15227,20921,5148,0,1716,-1716,0,-1716
16007,8597,24197,15227,22637,4680,0,-1170,0,1170,2340
16007,2591,30203,15227,28643,2340,0,780,-780,0,-780
16007,1811,30983,15227,29423,2340,0,-780,780,0,780
16007,9767,24197,14057,20297,4056,0,-546,1716,-1170,-624
16033,6829,29527,11743,20947,6396,1482,2106,1248,1092,468
16057,15121,17383,15667,16603,1404,234,468,-156,390,156
16057,1861,30643,15667,29863,3120,234,312,-624,1014,936
16057,10597,24247,13327,18787,2080,416,416,416,416,416
16057,6073,28771,13327,23311,6552,1638,2574,1404,936,0
16057,7321,30253,10597,19333,3588,156,0,-780,1248,1404
16067,12011,22853,13337,17393,3328,208,52,1456,-884,-728
16067,9281,25583,13337,20123,6240,1300,520,3640,-260,520
16067,5147,31121,11933,22853,468,0,0,-156,156,156
16067,5147,31277,11777,22697,468,0,0,156,-156,-156
16073,8273,24419,15527,23327,5538,286,-1274,1846,286,1846
16073,8273,30269,9677,17477,5954,1222,1612,598,1456,1066
16073,5153,29879,13187,24107,5174,-806,-26,-3302,910,130
16087,11173,24121,12967,17881,3068,416,1430,-208,26,-988
16087,12967,19753,15541,18661,3276,546,546,0,1092,1092
16087,8053,27241,12967,21001,2262,416,1040,182,26,-598
16091,2441,32003,13829,27479,9568,598,-1898,4576,-884,1612
16091,4001,32003,12269,24359,4680,-780,0,-1560,-780,-1560
16111,4021,28279,16033,28123,1716,104,104,-364,572,572
16127,7937,26267,14177,22367,3432,858,858,1716,0,0
16187,8543,25391,14627,22271,2340,520,1066,208,286,-260
16183,5653,29599,13297,23827,3354,-156,234,390,-1092,-1482
16187,11897,22037,14627,18917,4628,676,208,364,1456,1924
16229,12329,22937,13421,17321,3276,546,546,0,1092,1092
16187,10181,24923,13457,19463,2028,130,-416,676,130,676
16187,8543,26561,13457,21101,2184,546,1092,0,546,0
16187,7451,27653,13457,22193,3276,0,-1092,1092,0,1092
16187,5813,30851,11897,22271,4940,130,-260,2080,-1430,-1040
16189,6907,27031,14629,23911,4888,962,650,1508,728,1040
16189,4177,29761,14629,26641,3302,182,260,1118,-832,-910
16193,3323,30389,14867,27737,2184,546,546,1092,0,0
16193,3947,30389,14243,26489,2496,0,624,0,-624,-1248
16193,3323,32027,13229,26099,2262,546,546,1014,78,78
16217,617,32363,15671,31271,7098,858,-702,2574,702,2262
16217,2801,32363,13487,26903,5304,1248,1092,2496,156,312
16223,9749,26597,12323,18797,3978,156,468,1014,-1014,-1326
16223,5849,30497,12323,22697,2028,156,702,-624,390,-156
16273,6679,27817,14323,23917,5616,806,2132,-1144,1430,104
16231,11083,22159,15451,20599,1248,312,624,0,312,0
16231,5623,28789,14281,24889,3822,104,806,-1534,1040,338
16253,5879,27407,15473,25847,8632,1066,3328,-1976,1846,-416
16267,13147,20323,15331,18451,7826,260,2834,-2158,104,-2470
16267,7687,32491,8623,17203,9230,260,-2080,4550,-1690,650
16273,11047,22279,15493,20719,5694,1014,0,2418,624,1638
16319,5399,27551,16007,26927,3536,208,1378,-728,-26,-1196
16319,9767,24821,14369,20921,1872,312,0,624,312,624
16333,2683,30529,15787,29437,10426,1664,104,2678,2210,3770
16333,10093,23977,14929,21169,3120,546,546,1404,-312,-312
16333,10639,25537,12823,18517,5148,0,1716,-1716,0,-1716
16333,8923,27253,12823,20233,4758,572,1274,-910,1352,650
16339,5419,29209,14389,25309,3354,156,-234,-390,1092,1482
16339,5419,29599,13999,24919,1170,0,0,390,-390,-390
16339,7759,31081,10177,18757,7956,1560,390,3744,546,1716
16349,5897,29531,13619,24071,3328,-494,-26,-572,-884,-1352
16361,12539,22133,14411,18233,5018,130,1456,-26,-1040,-2366
16363,5443,28219,15427,26347,7176,962,-130,1040,1976,3068
16363,8719,30637,9733,17377,4524,546,-468,1716,390,1404
16369,9817,24091,15199,21751,3848,182,1274,-1300,572,-520
16369,8647,25261,15199,22921,1638,182,104,-130,572,650
16411,7129,27253,14851,24133,5798,338,-1144,2834,-676,806
16411,2683,31699,14851,28579,3042,78,0,1170,-936,-858
16411,9859,25693,13681,20233,3432,78,936,-1560,858,0
16427,827,32261,16193,31793,4992,780,0,1248,1092,1872
16427,6911,26723,15647,25163,2574,0,858,-858,0,-858
16427,6053,27581,15647,26021,2574,0,-858,858,0,858
16427,6053,29531,13697,24071,312,78,156,0,78,0
16427,3323,32261,13697,26801,1638,234,0,234,468,702
16427,6833,29531,12917,22511,2808,520,52,1768,-260,208
16433,10973,23609,14717,20177,4212,702,702,0,1404,1404
16447,3967,31033,14341,26821,5694,624,2418,-234,-312,-2106
16451,12941,22691,13721,17231,3900,780,780,780,780,780
16451,6311,28229,14813,24953,3978,0,-702,-390,1092,1794
16451,7013,28619,13721,23159,3978,0,702,390,-1092,-1794
16451,3659,31973,13721,26513,2106,234,858,-390,234,-390
16453,13723,20899,14737,17467,4108,650,260,572,1118,1508
16453,9433,26203,13723,20743,3042,0,0,1014,-1014,-1014
16481,6653,26699,16091,25919,4836,1014,2106,-312,1248,156
16453,12007,23629,13723,18169,6162,0,-1716,2730,-1014,702
16453,9433,25189,14737,21757,3042,0,0,-1014,1014,1014
16487,7127,28031,14303,23663,5460,234,1248,624,-1170,-2184
16487,2837,32321,14303,27953,4602,1014,1014,1482,546,546
16493,9239,24137,16103,23357,7202,1144,910,130,2392,2626
16519,8329,32119,9109,17299,2730,156,-390,1482,-624,-78
16519,9967,25801,13789,20341,4056,546,-390,1872,156,1092
16529,149,32987,16451,32831,3744,312,-468,624,780,1560
16529,13799,20117,15671,18401,2028,442,832,364,130,-260
16529,9431,29867,10289,17387,4290,858,858,858,858,858
16529,3659,31271,14657,27527,2730,78,0,-702,936,1014
16529,10289,26357,12941,19181,3432,0,858,0,-858,-1716
16529,9431,26357,13799,20897,3432,0,-858,0,858,1716
16529,3659,32441,13487,26357,936,78,0,468,-234,-156
16547,11867,21773,16001,20681,5226,624,1404,-1014,1482,702
16547,557,33083,16001,31991,7228,-1742,-2132,-2444,-650,-260
16547,2897,31991,14753,28403,8268,0,2340,-1092,-1248,-3588
16553,7583,29033,13043,22013,4134,520,754,-494,1300,1066
16603,13873,20113,15823,18553,5876,416,1976,-1924,1196,-364
16603,13873,21283,14653,17383,3510,0,0,1170,-1170,-1170
16603,10753,27367,11689,17539,6708,546,156,3120,-1638,-1248
16607,8807,32051,8963,16763,4836,78,-624,2184,-1326,-624
16619,8429,27851,13577,21767,3666,286,-494,598,754,1534
16651,9241,29209,11503,18913,5148,312,1482,-1872,1326,156
16631,11171,25679,13043,18503,6318,312,1404,858,-1326,-2418
16633,8209,30517,11173,19597,5070,104,-1222,650,884,2210
16651,4639,30223,15091,27103,3354,-312,-1404,390,78,1170
16633,5323,33247,11329,22639,4992,-936,-468,-1560,-780,-1248
16649,6899,28661,14387,24137,5434,286,1456,442,-1040,-2210
16651,8461,26479,15013,23203,2574,0,-780,546,234,1014
16651,9241,25933,14779,22189,2574,0,780,-546,-234,-1014
16649,9629,26321,13997,21017,1872,130,-338,520,208,676
16651,4951,30223,14779,26479,1248,0,312,0,-312,-624
16651,7681,25933,16339,25309,5304,-858,-2496,312,-390,1248
16651,3469,32563,13921,27103,3380,104,572,572,-832,-1300
16657,4177,29683,16111,28591,2652,546,156,1404,78,468
17137,9103,27901,14407,22441,1950,390,0,1170,0,390
17137,6373,30631,14407,25171,2808,0,936,-936,0,-936
17137,5437,31567,14407,26107,2808,0,-936,936,0,936
17137,5827,33751,11833,23143,7046,-1612,-2002,-1846,-988,-598
17159,12011,26987,12479,17627,4914,936,2262,390,156,-1170
17159,1949,33461,16067,31277,4966,52,-1118,-26,1300,2470
17159,9281,30497,11699,19577,3822,468,312,1794,-702,-546
17159,6317,33461,11699,22541,4212,468,936,1092,-624,-1092
17183,8447,32939,10163,18899,3458,130,-416,1690,-884,-338
17189,3539,31541,16487,30137,6552,702,702,-780,2184,2184
17191,8689,31153,11731,20233,5902,260,-52,2522,-1690,-1378
17203,11197,29059,11353,17359,5590,1196,1430,1118,1040,806
17203,4723,30697,16189,28669,2262,546,546,1014,78,78
17207,6833,31091,13697,24071,3120,780,780,1560,0,0
17209,10657,28051,12919,19471,1872,468,936,0,468,0
17209,7459,29221,14947,24697,4524,936,780,1404,624,780
17231,5843,29789,16061,27449,5850,702,2184,-1482,1404,-78
17231,7949,34313,9431,18713,6162,624,-858,2262,468,1950
17231,3581,34313,13799,27449,4056,702,-78,1872,312,1092
17317,4057,31513,16381,29641,6604,26,2054,-1456,-520,-2548
17321,14591,21143,16229,18959,2964,442,442,-104,988,988
17321,6011,29723,16229,27539,4680,-936,-1872,312,-1248,-312
17321,11783,26759,13421,18959,4394,988,1144,1222,598,442
17321,6011,30269,15683,26993,1638,0,0,546,-546,-546
17321,5231,32063,14669,26759,2990,-338,-416,-1118,520,598
17231,5843,32909,12941,24329,4758,598,520,-338,1612,1690
17239,13417,24571,13729,17551,6318,1326,1638,2574,-234,-546
17239,9907,28081,13729,21061,7202,416,2678,-1846,416,-1846
17327,3677,32381,15923,29573,3614,598,208,754,832,1222
17327,5861,34253,11867,23333,7280,286,-260,3172,-2054,-1508
17351,9473,27179,15401,23279,4914,858,234,3042,-702,-78
17471,14741,22619,15053,17783,6474,1404,2730,-234,1716,390
17471,12401,27299,12713,17783,1404,312,390,312,234,156
17471,13103,22619,16691,21059,4680,-780,0,-1560,-780,-1560
17471,1091,34631,16691,33071,4212,52,-1040,364,832,1924
17483,5393,34019,13037,25127,3822,156,-468,-234,1170,1794
17489,14759,22481,15227,17957,5590,1222,1612,2158,-104,-494
17491,7351,32233,12889,23029,3796,260,1508,-676,-52,-1300
17509,10177,25621,16729,24061,4992,0,78,-1716,1638,1560
17509,8539,27337,16651,25621,3744,858,858,1404,312,312
17509,2221,33967,16339,31627,4212,962,1664,884,338,-364
17509,10099,27337,15091,22501,3744,858,858,1404,312,312
17519,13931,23057,15569,19157,4238,676,208,754,1066,1534
17509,7681,34747,10099,19927,6162,1170,-78,3666,-78,1170
17519,4649,32027,15881,28751,702,0,0,-234,234,234
17519,4649,32261,15647,28517,702,0,0,234,-234,-234
17519,5507,31481,15569,27581,2652,0,858,-780,-78,-936
17569,5791,34807,12109,23887,3562,338,-52,1898,-832,-442
17579,8297,32321,12119,21401,6370,442,2470,-1430,286,-1742
17581,9001,34351,9391,17971,4316,-676,-520,-52,-1456,-1612
17597,3011,34913,14867,29453,4342,676,832,1690,-494,-650
17581,13291,25771,13681,17971,4004,260,1508,-988,260,-988
17597,5897,32573,14321,26021,3302,676,988,130,910,598
17599,11437,24151,17209,23371,6240,572,1586,-1612,1742,728
17599,11437,26881,14479,20641,5070,390,780,-1170,1560,1170
17657,4007,33413,15551,29201,4368,624,0,624,1248,1872
17657,12197,26003,14771,20231,6110,208,2158,-1274,-260,-2210
17659,13291,22807,16879,21247,3406,728,1040,338,806,494
17659,4789,32401,15787,28657,4134,338,1118,-1222,1118,338
17659,5647,33181,14149,26161,2990,338,416,1118,-520,-598
17659,4789,34897,13291,26161,3432,0,-858,1716,-858,0
17683,9103,34297,9649,18229,4134,234,1482,-390,-390,-1638
17713,10459,30427,12253,19507,4862,1040,2366,-130,884,-442
17713,8353,29179,15607,24967,4290,312,-468,78,1326,2106
17713,12409,25747,14983,20287,624,0,156,0,-156,-312
17713,12253,25747,15139,20599,624,0,-156,0,156,312
17713,9679,28477,14983,23017,2652,312,858,-624,702,156
17713,6949,33937,12253,23017,1950,312,858,-234,312,-234
17729,8447,34031,10709,19991,3276,546,0,1092,546,1092
17729,5717,35201,12269,24281,6630,858,1716,1638,-780,-1638
17737,6037,34897,12277,23977,3432,858,858,1716,0,0
17747,4643,35141,13457,26561,5824,364,1144,1144,-1196,-1976
17749,5737,31321,16189,28201,2652,546,1014,624,0,-468
17749,6907,35221,11119,21961,8814,390,-1872,1794,1248,3510
17789,8819,31907,12641,21611,3770,598,130,754,910,1378
17791,9601,28789,14983,23173,624,78,-78,312,0,156
17791,12409,25903,15061,20443,468,78,0,156,78,156
17791,2971,35419,14983,29803,8424,1872,1092,4368,156,936
17791,6871,33703,12799,23719,1638,78,-78,-234,546,702
17807,9461,28493,15467,23813,3770,754,598,1066,598,754
17807,4937,35591,12893,25763,3354,78,-780,390,624,1482
17827,4177,33037,16267,29917,3900,-390,-1560,780,-390,780
17827,13693,23911,15877,20011,5538,338,-1066,1430,650,2054
17827,2617,35221,15643,30853,5304,0,-1560,2184,-624,936
17851,10909,30253,12391,19333,4212,858,2106,0,468,-780
17881,2671,35353,15619,30829,3822,494,-130,650,962,1586
17891,12821,23663,17189,22259,7644,234,624,-2340,2418,2028
17903,13613,25469,14627,18917,6864,1716,1716,3432,0,0
17903,11273,28277,14159,20789,3354,0,936,-1482,546,-390
17903,10337,29759,13613,21179,3354,0,-936,1482,-546,390
17909,8237,35771,9719,19391,6006,988,-26,2002,988,2002
17909,5897,32261,15569,27581,1560,390,390,780,0,0
17909,9719,31481,12527,20717,3978,988,1300,1378,286,-26
17921,9029,35393,9341,18233,4992,1092,1482,1872,-78,-468
17921,11369,26813,15581,22133,4134,208,-884,1066,442,1534
17921,9029,29153,15581,24473,1430,208,676,-26,-26,-494
17923,8719,34147,10903,20107,3822,624,1482,546,-156,-1014
17923,7549,34147,12073,22447,3822,624,312,546,1014,1326
17939,12479,28547,12791,18251,2340,468,78,1248,78,468
17939,12479,24179,17159,22619,4680,468,-624,1560,468,1560
17939,7331,29327,17159,27767,7956,910,-728,2236,1222,2860
17939,7877,33461,12479,22541,2574,0,858,-858,0,-858
17939,7019,34319,12479,23399,2574,0,-858,858,0,858
17959,7039,29347,17491,28411,4758,728,1196,-442,1430,962
17971,3229,34273,16411,31153,1560,-156,-624,312,-156,312
17971,9781,29671,14461,22651,3120,650,260,1820,-130,260
17971,9781,30841,13291,21481,2990,182,962,-1066,650,-130
17971,5179,34273,14461,27253,3276,312,-468,1092,312,1092
17971,5101,35521,13291,26161,1248,312,312,624,0,0
17981,14081,25703,14159,18059,2106,78,468,234,-468,-858
17981,11351,28433,14159,20789,312,78,78,156,0,0
17987,8237,32027,13697,23447,3744,780,1404,936,0,-624
17987,6521,34913,12527,23993,6162,780,-312,3822,-1170,-78
17989,7927,30781,15259,25321,3744,780,468,1560,312,624
18013,13879,25657,14503,18637,4732,494,-52,2600,-1066,-520
18013,12553,27763,13723,19183,4680,1170,1170,2340,0,0
18013,8263,33223,12553,22303,3536,26,26,1196,-1144,-1144
18041,2441,34499,17183,32783,7176,1014,234,468,2340,3120
18041,2753,34499,16871,32159,1248,0,312,0,-312,-624
18041,4703,33329,16091,29429,5694,1014,2496,-702,1248,-234
18047,10247,29123,14771,22571,3042,598,208,1846,-260,130
18047,4787,35831,13523,26783,5460,1300,1144,2860,-104,52
18049,16411,20857,16879,18517,3926,728,1820,-286,650,-442
18049,1669,34897,17581,33961,3900,-78,-624,-624,1014,1560
18049,15241,22027,16879,19687,1716,0,312,-780,468,156
18049,1747,35521,16879,33181,2184,0,78,624,-702,-780
18049,14929,22807,16411,19531,1716,0,-312,780,-468,-156
18049,3229,36067,14851,29671,4914,78,0,1794,-1560,-1482
18059,15329,21101,17747,20477,7748,1456,1456,988,1924,1924
18077,12071,27983,14177,20183,3848,286,-338,2080,-884,-260
18077,8171,31883,14177,24083,5148,286,1300,-1820,1378,364
18089,1709,35951,16607,32987,4914,208,-962,598,988,2158
18089,10289,32051,11927,19727,5954,1456,2080,1534,754,130
18089,7949,29867,16451,26591,4290,858,2106,78,390,-858
18089,1709,36107,16451,32831,468,0,0,156,-156,-156
18119,3299,34031,17027,31847,1560,78,546,-468,156,-312
18121,9151,28183,17029,25999,5044,182,1820,-1144,-130,-1768
18121,1741,36061,16561,32941,2990,650,650,1430,-130,-130
18127,3853,33961,16567,30841,1560,156,624,-312,156,-312
18127,2293,35521,16567,32401,1716,78,546,0,-312,-780
18127,9391,32713,12277,21013,2678,338,572,806,-364,-598
18169,1789,35797,16921,33301,5460,1248,1248,2028,468,468
18169,8419,30649,15439,25189,5226,182,182,-1378,1742,1742
18169,8419,34939,11149,20899,4212,260,182,-832,1430,1508
18199,5641,32707,16249,28807,5928,1092,2574,-780,1482,0
18169,8419,31741,14347,24097,1950,182,182,-286,650,650
18211,271,36229,18133,36073,7098,-858,-2418,-858,702,2262
18217,11197,30697,12757,19777,6474,1014,0,1638,1404,2418
18217,6673,31321,16657,28201,1872,468,936,0,468,0
18217,5737,32257,16657,29137,2808,0,-936,936,0,936
18229,10429,27277,16981,24781,5460,780,390,0,1950,2340
18251,13103,24179,17471,22619,1248,312,624,0,312,0
18257,7883,29411,17477,27851,4680,936,1872,-312,1248,312
18257,9521,34403,10847,19583,4316,676,520,52,1456,1612
18257,13577,25121,16073,20753,3432,0,624,-1560,936,312
18257,12953,26681,15137,20441,936,0,312,-312,0,-312
18257,12641,26993,15137,20753,936,0,-312,312,0,312
18257,7883,32141,14747,25121,4056,936,780,1872,156,312
18289,9241,36307,9319,18367,6240,780,1560,1560,-780,-1560
18289,9319,35449,10099,19069,2418,0,78,-858,780,702
18289,1051,36307,17509,34747,2886,78,780,78,-624,-1326
18289,14779,23671,16417,19927,7722,1742,2912,1898,416,-754
18289,9319,34591,10957,19927,2574,0,0,-858,858,858
18289,2689,35527,16651,32251,3744,780,468,1560,312,624
18301,12451,29611,12841,18691,5304,1092,1794,1560,-78,-780
18301,5821,34603,14479,26959,5148,494,884,-988,1586,1196
18307,2473,35311,17137,32971,9438,650,-1534,1898,1586,3770
18311,6299,36563,12071,24083,4472,910,208,2392,130,832
18313,4663,34537,15739,29389,7878,962,-910,3458,338,2210
18313,9733,32353,12853,21433,6162,390,2184,-1794,780,-1014
18313,7237,34849,12853,23929,3666,390,-312,702,780,1482
18353,5483,31769,17807,30677,5616,312,780,-1560,1716,1248
18353,4703,36527,13829,27479,4264,52,-1118,1924,-650,520
18367,12907,29131,13063,18523,6084,-1014,-1014,0,-2028,-2028
18367,9787,27337,17977,26557,4368,858,1248,0,1326,936
18367,11113,31081,12907,20161,4914,0,1326,-2262,936,-390
18367,9787,29131,16183,24763,5226,858,1248,1794,-468,-858
18367,9787,33343,11971,20551,3432,78,468,-1248,1014,624
18367,7603,34591,12907,23671,4498,1040,1742,338,1040,338
18367,5653,36541,12907,25621,4290,884,260,2522,-130,494
18371,12911,26561,15641,21101,5460,468,-702,1092,1014,2184
18371,7841,35999,11273,21803,10426,1378,-962,5746,-650,1690
18397,13873,26041,15277,19801,2860,494,260,572,650,884
18397,7867,36571,10753,21283,1664,26,26,572,-520,-520
18397,7321,35323,12547,23623,4316,26,-520,-676,1274,1820
18401,13721,26591,14891,19571,7878,1872,3432,234,1950,390
18401,10211,31271,13721,21911,5148,312,-78,-780,1794,2184
18413,863,36587,17789,35339,3406,-806,-884,-1274,-260,-182
18413,4217,35339,15683,29879,3120,364,988,-728,832,208
18413,9833,31907,13499,22079,2366,442,52,1066,208,598
18413,4919,36821,13499,26993,2964,442,-182,1300,208,832
18427,6337,31687,17257,29347,4680,468,-702,2340,-234,936
18427,7507,36523,11251,22171,6864,0,1716,0,-1716,-3432
18439,12979,28657,13681,19141,4654,1118,1196,1898,260,182
18427,5791,36523,12967,25603,5148,858,0,1716,858,1716
18443,7523,36383,11423,22343,3536,520,-26,2236,-650,-104
18457,8863,36241,10267,19861,3822,-780,-858,-702,-780,-702
18457,2857,35461,17053,32653,2054,416,416,962,-130,-130
18457,8863,35461,11047,20641,1638,0,546,-546,0,-546
18457,8863,30781,15727,25321,1872,468,936,0,468,0
18457,8317,36007,11047,21187,1638,0,-546,546,0,546
18461,9491,31253,14639,23609,7254,1638,2262,1326,1326,702
18481,9043,31039,15361,24799,1794,312,624,390,-78,-390
18481,5923,34159,15361,27919,3042,572,26,1898,-208,338
18493,3517,36979,14983,29959,2964,702,546,1560,0,156
18493,7417,36979,11083,22159,4628,182,1118,416,-988,-1924
18503,11093,31607,12809,20219,1794,286,-104,910,52,442
18503,8363,34649,12497,22637,4836,754,1456,-572,1378,676
18503,6803,35897,12809,24509,936,0,0,-312,312,312
18503,6803,36209,12497,24197,936,0,0,312,-312,-312
18517,14461,25303,15787,19843,2522,260,884,182,-286,-910
18521,1049,36383,18131,35603,6578,1144,442,1690,1300,2002
18523,18133,19069,18367,18757,11310,234,3354,-4602,1950,-1170
18523,10333,26947,18289,26479,1482,156,546,-390,312,-78
18523,7213,30223,18133,29443,5148,1092,1794,0,1482,780
18523,9787,35449,10333,19069,936,234,468,0,234,0
18523,7603,31627,16339,27259,5772,0,390,1404,-1794,-2184
18539,15809,21347,18461,21191,10218,1248,3978,-2262,2028,-702
18539,15731,24077,15809,18617,7254,1300,2314,-494,2080,1066
18539,4889,34841,15887,29537,5980,1222,832,3328,-494,-104
18583,14449,26227,15073,19207,1820,182,728,-364,182,-364
18583,13669,27397,14683,19597,1274,182,-52,806,-208,26
18583,11719,27397,16633,23497,7462,-286,-1612,-910,1664,2990
18593,6737,33569,15473,27329,5772,936,2730,156,-78,-1872
18617,15887,22283,17681,20411,2652,78,78,936,-780,-780
18593,4007,36299,15473,30059,4758,936,0,2886,-78,858
18617,10037,34841,10973,19553,8190,1924,2704,2782,286,-494
18617,12611,27743,15497,21503,6630,1378,2704,-338,1768,442
18617,8087,36791,10973,21503,5850,0,-1950,1950,0,1950
18679,661,37087,18289,36307,2106,468,390,858,156,234
18679,9397,31081,15559,24841,2340,-390,-390,0,-780,-780
18691,8161,30703,17209,27739,4914,234,-702,-78,1482,2418
18691,6679,32653,16741,28753,4628,650,1976,-676,650,-676
18701,3881,34613,17609,32429,7878,910,910,-806,2626,2626
18713,2099,37277,16763,33377,2886,624,390,1326,156,390
18713,4517,37199,14423,28619,6396,1326,1716,2496,-234,-624
18713,8963,33377,13799,23549,5382,312,-1248,2106,78,1638
18713,7559,36107,12473,23627,3432,286,52,-416,1222,1456
18731,17093,20759,18341,19979,4186,208,-1040,1690,-26,1222
18731,5471,32381,18341,31601,1170,0,390,-390,0,-390
18731,5081,32771,18341,31991,1170,0,-390,390,0,390
18743,10007,28649,17573,26309,5746,52,1846,-2054,364,-1430
18743,7823,33329,15077,25997,4264,754,-104,2548,-182,676
18749,8999,29669,17579,27329,7020,-1170,0,-2340,-1170,-2340
18749,7829,30839,17579,28499,3510,0,-1170,1170,0,1170
18743,3923,37463,14843,29663,5304,390,-780,936,1014,2184
18749,7829,35597,12821,23741,7046,1612,2002,1846,988,598
18773,12923,29537,13859,19709,5694,156,312,1794,-1638,-1794
18793,2179,37357,16843,33457,2808,624,390,1560,-78,156
18793,9277,31039,16063,25579,2028,312,234,0,702,780
18797,10607,33773,12011,20201,6708,858,2730,312,-468,-2340
18803,10613,29567,16229,24419,5304,832,832,-104,1768,1768
18859,8641,34147,13789,24007,3120,0,-780,0,780,1560
18869,13331,28307,14969,20507,2730,286,-338,910,286,910
18803,7883,36587,11939,22859,4680,0,0,1560,-1560,-1560
18803,7883,35027,13499,24419,936,0,0,-312,312,312
18803,7883,35339,13187,24107,936,0,0,312,-312,-312
18869,7949,35327,13331,24251,2808,156,390,-780,858,624
18899,6029,35591,15077,27947,3380,598,208,988,598,988
18911,9161,35291,12281,22031,2600,52,-260,1144,-728,-416
18839,7919,32957,15641,26561,8190,1950,3042,2106,702,-390
18913,10567,35449,10723,19069,1560,390,780,0,390,0
18913,8539,37087,11113,21487,1846,-208,-754,338,-208,338
18859,9421,34147,13009,22447,3744,936,1872,0,936,0
18913,7993,34747,13999,24919,3276,0,0,-1092,1092,1092
18913,5653,37087,13999,27259,3822,546,0,546,1092,1638
18917,15641,24923,16187,19463,4654,520,1768,-1118,910,-338
18913,7993,35839,12907,23827,2340,546,390,1248,0,156
18917,14081,27653,15017,19853,2652,520,208,1612,-260,52
18917,12911,27653,16187,22193,3276,546,0,1092,546,1092
18919,10729,27967,18061,26251,6162,-390,780,-3354,1404,234
18919,3709,35221,17827,33037,6552,1092,1092,0,2184,2184
18919,16189,23209,17359,20089,5850,1092,2496,-702,1482,78
18919,3319,37561,15877,31477,4992,1092,702,2340,234,624
18919,6907,35221,14629,26641,5148,416,104,-676,1820,2132
18959,12329,26759,17789,24419,5174,-650,598,-2678,130,-1118
18959,8039,35339,13499,24419,624,156,156,312,0,0
19037,5387,34403,17321,30971,3770,910,1534,442,754,130
19037,4217,35963,16931,31751,3900,0,-1170,1560,-390,780
19037,2111,38069,16931,33857,4628,988,364,2548,52,676
19037,11393,30971,14747,22391,4524,1066,1612,1300,286,-260
19037,6011,36353,14747,27773,4212,624,1092,-468,1248,780
19069,2689,36307,18211,34591,3276,780,1638,0,702,-156
19069,2689,37087,17431,33811,2340,0,0,780,-780,-780
19069,9787,31081,16339,25621,2340,390,390,0,780,780
19069,7057,33811,16339,28351,4368,546,-546,2184,0,1092
19069,4327,36541,16339,31081,1248,-312,-624,0,-312,0
19079,2777,36551,17909,34211,3510,286,598,-806,1066,754
19087,1381,37573,18307,36013,8346,780,-1092,2262,1170,3042
19087,13627,27901,15733,21193,4758,-286,-676,1274,-1456,-1066
19087,12301,30553,14407,21193,2340,-286,-598,416,-676,-364
19087,11677,30553,15031,22441,2496,0,-624,0,624,1248
19087,7621,37963,11677,23143,4654,338,-208,2366,-1144,-598
19087,6217,36013,15031,27901,2574,0,0,-858,858,858
19087,6217,36871,14173,27043,2418,0,-624,78,546,1170
19087,6841,36793,13627,25873,2418,0,624,-78,-546,-1170
19121,9293,36749,11321,21149,1846,208,754,-338,208,-338
19139,8219,32009,17189,28109,2730,390,390,1170,-390,-390
19141,15319,25693,16411,20233,1716,-78,390,-468,-156,-624
19141,2371,37003,18049,34819,3432,728,1508,416,260,-520
19157,8783,31481,17207,27581,4446,364,-494,442,1144,2002
19163,16433,24077,16979,19709,3588,624,702,0,1170,1092
19181,5531,36263,15749,29399,1560,-390,-780,0,-390,0
19181,10211,31973,15359,24329,5460,468,1248,-1404,1560,780
19183,7717,33769,16063,27529,3978,702,1794,-390,702,-390
19207,3607,35353,18661,34261,5772,-390,390,-2964,1404,624
19207,6337,34807,16477,29347,3068,26,806,-1456,728,-52
19207,3607,37537,16477,32077,3848,494,1508,260,-286,-1300
19211,13751,26153,17729,23189,6630,1612,2314,2002,520,-182
19211,9929,36293,11411,20693,3068,754,1066,832,364,52
19211,12113,31769,13751,20849,6474,910,-338,2158,910,2158
19211,8681,36293,12659,23189,4992,0,-1248,0,1248,2496
19213,9619,29587,18433,28027,5356,1274,2288,260,1274,260
19213,8839,30367,18433,28807,2340,0,-780,780,0,780
19213,8293,36373,12973,23893,5590,1274,1274,2054,494,494
19219,16411,23197,18049,20857,5850,1170,1170,1170,1170,1170
19219,1747,37861,18049,35521,2262,78,-624,858,0,702
19219,14929,25147,17581,21871,3042,0,0,-1014,1014,1014
19219,14929,26161,16567,20857,1716,78,-390,468,156,624
19219,13291,29437,14929,20857,4368,962,650,2444,-208,104
19219,10639,29437,17581,26161,3666,416,26,-130,1352,1742
19219,5569,37159,14929,28579,2418,182,-442,806,182,806
19231,9403,33739,14551,24379,6474,728,1040,-910,2054,1742
19237,10657,28753,18301,26881,2548,494,650,104,728,572
19237,9721,36943,11047,20563,1378,26,-208,650,-364,-130
19259,15749,23627,18401,21911,10608,676,1300,-2600,3328,2704
19259,11069,28307,18401,26591,7098,676,-650,910,1768,3094
19259,6701,35327,15749,28307,2704,52,364,520,-728,-1040
19267,13417,28393,15991,21841,2938,650,806,650,494,338
19267,8893,37441,11467,21841,2938,650,806,650,494,338
19267,10687,31123,15991,24571,4446,806,1196,-130,1352,962
19301,7523,35759,14621,26399,6396,442,-1118,1612,832,2392
19309,9949,31321,16657,26017,6162,390,-780,3354,-1404,-234
19333,5683,37897,14419,28069,7852,1586,1040,2756,962,1508
19373,14303,26627,17189,22259,4758,286,676,-1274,1456,1066
19373,12899,30137,15083,21557,2340,286,598,-416,676,364
19379,6899,37397,13841,26321,3198,78,-624,1638,-780,-78
19381,13921,29131,15091,20551,6084,1014,1014,0,2028,2028
19381,7369,32563,18211,30223,4212,858,156,2340,78,780
19381,11503,32719,13921,21799,5694,1014,390,1638,1014,1638
19381,12829,28663,16651,23203,5772,0,-1092,-468,1560,2652
19381,10099,31393,16651,25933,1560,312,312,312,312,312
19381,7369,34123,16651,28663,1560,312,312,312,312,312
19381,10099,34123,13921,23203,4212,0,-1404,1404,0,1404
19381,4951,36541,16651,31081,1248,312,624,0,312,0
19391,8861,37409,11903,22433,6422,1222,442,2470,754,1534
19403,6689,32507,19013,31727,7722,702,2808,-2106,1404,-702
19403,13553,27827,16829,22679,6474,1482,2184,1014,1248,546
19403,2789,38747,16673,33287,2418,0,-624,78,546,1170
19403,8093,38747,11369,22679,4160,910,676,1768,286,520
19403,3413,38669,16127,32117,2418,0,624,-78,-546,-1170
19403,6689,37967,13553,26267,1560,0,390,-780,390,0
19699,9871,33037,16189,26017,2652,390,-78,1716,-468,0
19697,9323,38651,11117,21491,5408,1300,1456,2080,364,208
19697,11117,30851,17123,25703,6942,156,-1794,3042,-780,1170
19697,2927,39041,17123,33893,12792,364,-2756,1144,2704,5824
19709,12689,32189,14249,21269,5772,936,-234,2652,390,1560
19709,14249,26729,18149,23609,6864,442,832,-1664,2158,1768
19709,5669,37571,15887,29927,5070,1170,780,2730,0,390
19739,10457,36821,11939,21221,3042,156,-390,-78,936,1482
19751,8831,32933,17489,28409,4888,52,-1040,-104,1300,2392
19777,11587,35923,11821,20011,7280,1274,494,4316,-988,-208
19763,4787,39419,15083,30059,1612,286,-26,988,-104,208
19801,5059,38833,15511,30253,5304,468,-624,936,1092,2184
19777,11587,28201,19543,27733,4914,858,858,234,1482,1482
19801,9739,34543,15121,25183,3198,260,-442,650,572,1274
19841,5099,35753,18671,33413,6578,1534,2626,442,1534,442
19853,8933,38729,11897,22817,2730,156,-390,78,780,1326
19889,17159,25037,17471,20201,6162,312,-1092,3354,-1326,78
19889,9749,30341,19577,29717,1534,-104,130,-806,364,130
19889,8969,31277,19421,30341,2496,0,-780,936,-156,624
19889,14741,26987,17939,23087,2340,0,0,-780,780,780
19889,10061,31667,17939,27767,3952,676,442,2080,-494,-260
19889,14741,27767,17159,22307,2340,0,0,780,-780,-780
19889,12011,30497,17159,25037,6630,0,1950,-1170,-780,-2730
19891,15601,25819,18253,22543,3614,182,1352,-910,104,-1066
19889,9281,37907,12479,23087,4498,676,988,1534,-494,-806
19891,11701,32059,15913,24103,3120,624,1014,936,-78,-468
19913,11177,31379,17183,25919,4446,442,286,-494,1534,1690
19913,7043,39569,13127,25997,8658,2106,2106,3978,234,234
19919,8999,32009,18749,29669,4680,780,780,0,1560,1560
19919,7829,33179,18749,30839,3510,0,-1170,1170,0,1170
19927,12907,30223,16651,23671,2652,546,78,1560,0,468
19927,4327,38803,16651,32251,4602,546,-624,2262,0,1170
19949,13709,30557,15581,21821,5538,546,156,2730,-1248,-858
19973,11783,32999,15137,23327,4446,0,0,1482,-1482,-1482
19979,6329,34877,18731,32381,4368,546,0,0,1638,2184
19979,5939,35267,18731,32771,1170,0,-390,390,0,390
19979,3989,37217,18731,34721,3770,910,1300,910,520,130
19993,9619,31147,19213,29587,1534,104,-130,806,-364,-130
