1823,443,3617,1409,2789,15778,4813,2053,8539,3847,6607
1997,1307,2963,1721,2411,38272,9127,3331,17683,6367,12163
3001,1069,5623,2311,4243,37214,10223,4013,20297,6359,12569
3221,1289,5843,2531,4463,30912,9293,4049,17987,5843,11087
4337,2957,6131,3923,5303,28704,9719,4889,16619,7649,12479
4349,761,8627,3659,7247,5520,5039,2141,10007,2969,5867
4451,2381,7349,3623,5693,13386,7349,5279,11351,5417,7487
4483,1723,8209,3517,6277,16422,6967,1447,12763,6691,12211
4513,1063,8929,3547,6997,38916,11827,3547,23557,8377,16657
4621,2551,8623,2689,4759,3726,4483,1723,8209,3517,6277
4783,643,9199,4507,8647,11316,6991,2161,12511,6301,11131
4813,2053,8539,3847,6607,15778,1823,443,3617,1409,2789
5039,2141,10007,2969,5867,5520,4349,761,8627,3659,7247
5399,1949,10781,3467,6917,20332,9631,6871,14461,7561,10321
5507,677,10613,5231,10061,29532,11717,4817,22481,7853,14753
5927,1787,10343,5651,9791,30912,12413,5927,23039,8273,14759
6053,1913,11159,5087,9227,15594,8951,2741,17093,7019,13229
6067,547,11863,5791,11311,27600,11587,6067,17383,11311,16831
6311,4793,9209,4931,6449,37950,11279,2309,20939,10589,19559
6863,4517,10589,5483,7829,4140,6311,4793,9209,4931,6449
6869,2039,13217,5351,10181,22356,11699,5351,22877,6869,13217
6967,1447,12763,6691,12211,19044,4621,2551,8623,2689,4759
6983,2153,12917,5879,10709,28198,13147,7213,23911,8317,14251
6991,2161,12511,6301,11131,11316,4783,643,9199,4507,8647
6991,2851,13063,5059,9199,828,6991,2851,13339,4783,8923
6991,2851,13339,4783,8923,828,6991,2851,13063,5059,9199
7121,1601,13883,5879,11399,2346,6983,2153,12917,5879,10709
7229,3089,13577,5021,9161,24886,12289,9391,16567,10909,13807
7349,5279,11351,5417,7487,13386,4451,2381,7349,3623,5693
7349,3347,13421,5279,9281,5934,7349,5279,11351,5417,7487
7583,2753,14897,5099,9929,7866,5927,1787,10343,5651,9791
7717,2887,15307,4957,9787,3542,7349,3347,13421,5279,9281
8087,3257,13331,7673,12503,6072,7121,1601,13883,5879,11399
8093,5333,12647,6299,9059,22126,12049,7219,18397,10531,15361
8287,2767,16567,5527,11047,6762,7229,3089,13577,5021,9161
8647,5197,13063,7681,11131,6624,6991,2161,12511,6301,11131
8663,4799,15287,5903,9767,7590,6869,2039,13217,5351,10181
8951,2741,17093,7019,13229,15594,6053,1913,11159,5087,9227
9041,5591,14009,7523,10973,12052,11617,9547,14653,10651,12721
9041,5591,14423,7109,10559,1242,9041,5591,14009,7523,10973
9127,3331,17683,6367,12163,38272,1997,1307,2963,1721,2411
9173,2963,17729,6827,13037,1794,9127,3331,17683,6367,12163
9221,6323,13499,7841,10739,10488,6967,1447,12763,6691,12211
9293,4049,17987,5843,11087,30912,3221,1289,5843,2531,4463
9391,3181,16981,8011,14221,6486,10357,3457,20707,6907,13807
9473,4643,18443,5333,10163,9936,8093,5333,12647,6299,9059
9547,7477,12721,8443,10513,5060,9041,5591,14009,7523,10973
9547,5407,14653,8581,12721,4140,9041,5591,14009,7523,10973
9631,6871,14461,7561,10321,20332,5399,1949,10781,3467,6917
9661,4003,17389,7591,13249,4922,9293,4049,17987,5843,11087
9719,4889,16619,7649,12479,28704,4337,2957,6131,3923,5303
10093,433,20029,9817,19477,11822,12347,1721,23663,11657,22283
10141,4621,19249,6553,12073,10994,9221,6323,13499,7841,10739
10223,4013,20297,6359,12569,37214,3001,1069,5623,2311,4243
10357,3457,20707,6907,13807,6486,9391,3181,16981,8011,14221
10597,3697,20533,7561,14461,14352,9631,6871,14461,7561,10321
10607,1637,19853,10331,19301,14214,14057,5087,26891,10193,19163
10781,5261,18233,8849,14369,5428,10597,3697,20533,7561,14461
10781,3191,21269,7883,15473,2760,10597,3697,20533,7561,14461
10867,4657,18043,9901,16111,10626,10223,4013,20297,6359,12569
10973,3797,21599,7523,14699,11086,13411,5821,25969,8443,16033
11131,6991,17203,9199,13339,12144,8647,5197,13063,7681,11131
11197,8713,15061,9817,12301,12282,12163,6367,20719,9403,15199
11279,2309,20939,10589,19559,16836,13487,9623,18731,12107,15971
11467,8431,16573,9397,12433,7130,9719,4889,16619,7649,12479
11519,6689,17729,10139,14969,8004,11197,8713,15061,9817,12301
11527,1867,21601,11113,20773,5152,10607,1637,19853,10331,19301
11587,6067,17383,11311,16831,27600,6067,547,11863,5791,11311
11617,9547,14653,10651,12721,8280,9547,5407,14653,8581,12721
11699,5351,22877,6869,13217,15594,8663,4799,15287,5903,9767
11701,661,23293,11149,22189,15456,10781,3191,21269,7883,15473
11717,4817,22481,7853,14753,29532,5507,677,10613,5231,10061
11719,4957,20551,9649,16411,11316,14341,8821,22483,11719,17239
11743,8293,15607,11329,14779,5658,11467,8431,16573,9397,12433
11779,4051,20887,10399,18127,26910,15551,2441,30593,13619,26729
11821,6301,22171,6991,12511,9384,11131,6991,17203,9199,13339
11827,3547,23557,8377,16657,38916,4513,1063,8929,3547,6997
11839,2179,22051,11287,20947,4278,11701,661,23293,11149,22189
11933,7103,21179,7517,12347,9108,12899,5861,24767,8069,15107
12041,5003,23909,7211,14249,8326,11719,4957,20551,9649,16411
12049,7219,18397,10531,15361,15594,9473,4643,18443,5333,10163
12107,8243,18041,10037,13901,13110,14867,11003,21491,12107,15971
12107,2447,23561,10313,19973,4278,11279,2309,20939,10589,19559
12163,6367,20719,9403,15199,4922,11519,6689,17729,10139,14969
12289,9391,16567,10909,13807,12834,9391,3181,16981,8011,14221
12289,8839,17257,10771,14221,1794,12289,9391,16567,10909,13807
12347,1721,23663,11657,22283,11822,10093,433,20029,9817,19477
12413,5927,23039,8273,14759,17388,15173,8273,23039,14207,21107
12511,7681,18859,10993,15823,8004,11131,6991,17203,9199,13339
12541,3433,23029,11161,20269,44574,4813,2053,8539,3847,6607
12589,7759,20731,9277,14107,39744,18523,6793,32323,16453,28183
12589,1549,25147,11071,22111,13156,14843,7253,23399,13877,21467
12653,6719,23417,7823,13757,13018,11779,4051,20887,10399,18127
12889,3229,25171,10267,19927,3266,12107,2447,23561,10313,19973
12899,5861,24767,8069,15107,6716,12163,6367,20719,9403,15199
12911,6701,22571,9461,15671,4968,12589,7759,20731,9277,14107
12953,6329,24407,8123,14747,17250,16127,7433,30341,10607,19301
12973,4003,23599,11317,20287,20286,9661,4003,17389,7591,13249
13007,2381,25703,10937,21563,11960,15583,7993,24967,13789,21379
13147,7213,23911,8317,14251,15870,16183,11353,24049,13147,17977
13147,6247,23911,9283,16183,3864,13147,7213,23911,8317,14251
13151,9011,19913,10529,14669,9982,11587,6067,17383,11311,16831
13159,5569,25579,8329,15919,6486,12653,6719,23417,7823,13757
13171,6961,24763,7789,13999,6670,11699,5351,22877,6869,13217
13241,4133,25799,9791,18899,11040,12413,5927,23039,8273,14759
13309,7237,20071,12619,18691,14628,13171,6961,24763,7789,13999
13331,5051,24509,10433,18713,5658,13147,6247,23911,9283,16183
13381,6619,23593,9931,16693,8924,13151,9011,19913,10529,14669
13411,5821,25969,8443,16033,11086,10973,3797,21599,7523,14699
13487,9623,18731,12107,15971,4140,14177,10313,18731,13487,17351
13513,10753,17239,12547,15307,13524,16411,13513,21379,14341,17239
13513,7717,21379,11443,17239,8004,11719,4957,20551,9649,16411
13709,7499,24197,9431,15641,11362,12973,4003,23599,11317,20287
13763,8933,19697,12659,17489,4002,13487,9623,18731,12107,15971
13763,7829,24527,8933,14867,10626,12107,8243,18041,10037,13901
13789,4957,24691,11719,20551,6164,13007,2381,25703,10937,21563
13807,5113,25951,10357,19051,15732,16567,6907,28711,14083,23743
13903,4243,26737,10729,20389,8832,16111,6451,31153,10729,20389
13913,7703,25919,8117,14327,17342,10141,4621,19249,6553,12073
13913,6599,27437,7703,15017,3726,13913,7703,25919,8117,14327
13931,1373,27179,13241,25799,15180,13241,4133,25799,9791,18899
13967,9137,19073,13691,18521,15364,12541,3433,23029,11161,20269
14057,5087,26891,10193,19163,11316,12953,6329,24407,8123,14747
14083,4423,24847,12979,22639,8280,13807,5113,25951,10357,19051
14149,3109,28087,11251,22291,7452,14057,5087,26891,10193,19163
14177,10313,18731,13487,17351,3726,13763,8933,19697,12659,17489
14177,9623,19421,13487,18041,2070,14177,10313,18731,13487,17351
14221,8011,25261,9391,15601,8418,13807,5113,25951,10357,19051
14249,9419,23081,10247,15077,7498,13513,7717,21379,11443,17239
14251,9421,20323,13009,17839,12926,13331,5051,24509,10433,18713
14341,8821,22483,11719,17239,3312,13513,7717,21379,11443,17239
14369,8849,21821,12437,17957,13570,11839,2179,22051,11287,20947
14387,3761,28463,10937,21563,5520,13007,2381,25703,10937,21563
14389,6247,25981,10939,19081,4600,13331,5051,24509,10433,18713
14389,5281,26947,10939,20047,2898,14389,6247,25981,10939,19081
14423,8627,21599,13043,18839,15594,13411,5821,25969,8443,16033
14561,5039,26153,12491,22013,12006,14423,8627,21599,13043,18839
14563,4903,27673,11113,20773,4002,14057,5087,26891,10193,19163
14591,6311,26183,11279,19559,7176,12889,3229,25171,10267,19927
14621,4271,26903,12689,23039,7176,13931,1373,27179,13241,25799
14653,9547,23899,10513,15619,9200,14423,8627,21599,13043,18839
14653,9133,21139,13687,19207,2208,14423,8627,21599,13043,18839
14653,5683,28729,9547,18517,7728,13411,5821,25969,8443,16033
14843,7253,23399,13877,21467,13156,12589,1549,25147,11071,22111
14867,11003,21491,12107,15971,5520,13487,9623,18731,12107,15971
14867,8243,24251,12107,18731,5796,14591,6311,26183,11279,19559
14867,3137,29633,11831,23561,11454,14591,6311,26183,11279,19559
14887,5227,29101,10333,19993,11316,12541,3433,23029,11161,20269
15107,7517,28493,9311,16901,10626,12899,5861,24767,8069,15107
15173,8273,23039,14207,21107,11868,14621,4271,26903,12689,23039
15269,8231,27827,9749,16787,15870,12049,7219,18397,10531,15361
15271,7681,24793,13339,20929,16146,12511,7681,18859,10993,15823
15329,5669,27749,12569,22229,7544,13903,4243,26737,10729,20389
15329,2909,30509,12569,24989,8280,15329,5669,27749,12569,22229
15493,10663,22669,13147,17977,5106,14251,9421,20323,13009,17839
15493,10663,22807,13009,17839,414,15493,10663,22669,13147,17977
15511,2953,30139,13441,25999,5382,14867,3137,29633,11831,23561
15551,2441,30593,13619,26729,12006,18541,5569,36343,13711,26683
15583,7993,24967,13789,21379,8004,13789,4957,24691,11719,20551
15583,5923,31039,9787,19447,9200,14387,3761,28463,10937,21563
15619,8167,28591,10099,17551,5106,14653,5683,28729,9547,18517
15649,9439,27241,10267,16477,9062,14867,8243,24251,12107,18731
15797,6827,25733,14831,23801,15318,12347,1721,23663,11657,22283
15797,9311,26423,11657,18143,7728,15797,6827,28631,11933,20903
15797,6827,28631,11933,20903,3726,15797,6827,29873,10691,19661
15797,6827,29873,10691,19661,3726,15797,6827,28631,11933,20903
15823,4783,29209,13477,24517,11592,15271,7681,24793,13339,20929
15877,10357,26227,11047,16567,7590,14221,8011,25261,9391,15601
15877,6217,26227,15187,24847,9384,14083,4423,24847,12979,22639
15877,8011,28573,11047,18913,7038,15877,10357,26227,11047,16567
15913,2389,30817,14533,28057,25530,15269,8231,27827,9749,16787
15919,3361,31237,13159,25717,3404,15551,2441,30593,13619,26729
15959,9059,23687,15131,22031,16284,15269,8231,27827,9749,16787
16001,1511,31319,15173,29663,12144,13931,1373,27179,13241,25799
16073,11243,25457,11519,16349,4554,16487,10691,26423,12347,18143
16111,6451,31153,10729,20389,8648,15329,5669,27749,12569,22229
16127,7433,30341,10607,19301,8418,14057,5087,26891,10193,19163
16183,11353,24049,13147,17977,2760,15493,10663,22669,13147,17977
16183,7213,29983,11353,20323,2530,16229,8087,29201,11399,19541
16229,8087,29201,11399,19541,2530,16183,7213,29983,11353,20323
16301,10781,23753,14369,19889,9660,14369,8849,21821,12437,17957
16301,10781,25409,12713,18233,4968,16301,10781,23753,14369,19889
16333,8329,29167,11503,19507,15318,15919,3361,31237,13159,25717
16411,13513,21379,14341,17239,10488,14341,8821,22483,11719,17239
16417,5791,30493,12967,23593,20700,13381,6619,23593,9931,16693
16433,9533,27197,12569,19469,8280,15329,5669,27749,12569,22229
16487,10691,26423,12347,18143,2760,15797,9311,26423,11657,18143
16487,7517,31253,10691,19661,2760,15797,6827,29873,10691,19661
16493,6833,27947,14699,24359,10074,14561,5039,26153,12491,22013
16529,6869,29501,13217,22877,17802,13309,7237,20071,12619,18691
16529,6869,32537,10181,19841,9108,16529,6869,29501,13217,22877
16553,10067,27179,12413,18899,11316,15173,8273,23039,14207,21107
16553,5927,31319,12413,23039,8280,14621,4271,26903,12689,23039
16567,6907,28711,14083,23743,6072,15877,6217,26227,15187,24847
16573,2083,32029,15607,30097,47058,11743,8293,15607,11329,14779
16607,15227,18401,16193,17573,25116,13709,7499,24197,9431,15641
16633,6007,32779,11113,21739,7314,16127,7433,30341,10607,19301
16661,13901,21491,14591,17351,8556,14867,11003,21491,12107,15971
16741,2251,32059,15913,30403,5934,15913,2389,30817,14533,28057
16811,10601,25919,13913,20123,12190,19801,13729,31393,14281,20353
17029,3229,33037,14821,28621,8694,15511,2953,30139,13441,25999
17033,7649,31247,12203,21587,18722,16573,2083,32029,15607,30097
17041,4483,32359,14281,26839,19872,16811,10601,25919,13913,20123
17041,6553,32359,12211,22699,8280,17041,4483,32359,14281,26839
17077,3967,31153,16111,29221,11224,15329,2909,30509,12569,24989
17093,10193,29927,11159,18059,5934,16127,7433,30341,10607,19301
17099,6197,33521,11579,22481,29256,11717,4817,22481,7853,14753
17183,2003,34019,15527,30707,18216,19483,853,38803,18793,37423
17203,9613,28657,13339,20929,7728,15271,7681,24793,13339,20929
17317,6553,32911,12487,23251,1656,17041,6553,32359,12211,22699
17333,9743,26993,15263,22853,12144,16229,8087,29201,11399,19541
17333,7673,34583,9743,19403,3312,17333,7673,33479,10847,20507
17333,7673,33479,10847,20507,3312,17333,7673,34583,9743,19403
17341,6991,33211,11821,22171,10074,17203,9613,28657,13339,20929
17483,4373,34457,13619,26729,7268,15919,3361,31237,13159,25717
17491,11971,25633,14869,20389,8280,16433,9533,27197,12569,19469
17569,3079,32887,16741,31231,4140,16741,2251,32059,15913,30403
17599,10009,29191,13597,21187,6992,17093,10193,29927,11159,18059
17609,10709,31271,10847,17747,8280,17333,7673,33479,10847,20507
17729,2549,34841,15797,30977,23460,15797,6827,25733,14831,23801
17747,3257,34721,15263,29753,19734,17333,7673,33479,10847,20507
17761,3271,32803,17209,31699,39330,11827,3547,23557,8377,16657
17789,2609,34211,16547,31727,19182,17099,6197,33521,11579,22481
17807,8837,32573,12011,20981,21758,17761,3271,32803,17209,31699
17891,5333,34589,13751,26309,11224,15913,2389,30817,14533,28057
17909,4937,32261,16529,29501,16008,16529,6869,29501,13217,22877
17911,12391,26053,15289,20809,7360,16301,10781,23753,14369,19889
18043,7417,32119,14593,25219,10902,17077,3967,31153,16111,29221
18077,7451,30773,16007,26633,11132,15823,4783,29209,13477,24517
18119,13841,25847,14669,18947,20746,16417,5791,30493,12967,23593
18127,8053,29581,16747,26821,12420,17483,4373,34457,13619,26729
18143,13313,24767,16349,21179,12972,16487,10691,26423,12347,18143
18149,2969,35951,15527,30707,3864,17183,2003,34019,15527,30707
18233,7607,32309,14783,25409,16468,17911,12391,26053,15289,20809
18233,8573,32999,13127,22787,5934,18233,7607,32309,14783,25409
18287,10973,30431,13457,20771,13248,16493,6833,27947,14699,24359
18307,9337,28933,16651,25621,5612,18077,7451,30773,16007,26633
18313,10723,27697,16519,24109,14904,17807,8837,32573,12011,20981
18367,1117,36583,17401,34651,13662,16573,2083,32029,15607,30097
18397,8737,32887,13567,23227,8878,17891,5333,34589,13751,26309
18433,4909,36097,14293,27817,10994,17789,2609,34211,16547,31727
18439,8779,33757,12781,22441,8142,16553,5927,31319,12413,23039
18451,1063,36529,17761,35149,10626,17761,3271,32803,17209,31699
18503,12983,29129,13397,18917,8464,17491,11971,25633,14869,20389
18503,4013,36857,14639,29129,8740,17077,3967,31153,16111,29221
18503,7877,34649,12983,23609,6670,18043,7417,32119,14593,25219
18523,6793,32323,16453,28183,22356,14843,7253,23399,13877,21467
18541,7639,30133,17851,28753,4416,18127,8053,29581,16747,26821
18541,13711,25579,16333,21163,16146,18127,8053,29581,16747,26821
18541,5569,36343,13711,26683,4278,17483,4373,34457,13619,26729
18691,4201,35803,16069,30559,6578,17909,4937,32261,16529,29501
18797,6653,35771,13967,26111,21758,14887,5227,29101,10333,19993
18919,6361,35617,14779,27337,13800,16573,2083,32029,15607,30097
19081,14251,25153,17839,22669,10856,17333,9743,26993,15263,22853
19081,13009,29983,14251,20323,11040,17609,10709,31271,10847,17747
19087,3907,35923,17431,32611,7452,17569,3079,32887,16741,31231
19087,8737,37441,11083,21433,9522,18397,8737,32887,13567,23227
19087,4597,37717,14947,29437,8142,19087,3907,35923,17431,32611
19121,8081,37889,11393,22433,18262,18523,6793,32323,16453,28183
19163,8123,37379,11987,23027,11408,16633,6007,32779,11113,21739
19163,7019,37517,12953,25097,4278,19163,8123,37379,11987,23027
19207,10651,29833,17137,25693,10442,18287,10973,30431,13457,20771
19207,9547,35353,12721,22381,9614,18287,10973,30431,13457,20771
19231,14401,26959,16333,21163,2760,18541,13711,25579,16333,21163
19231,8329,34963,14401,25303,6900,18541,5569,36343,13711,26683
19259,4079,37337,16361,31541,11914,18523,6793,32323,16453,28183
19267,10711,32653,14437,22993,6072,18439,8779,33757,12781,22441
19267,5881,37483,14437,27823,14490,19267,10711,32653,14437,22993
19387,6277,34981,16903,30013,12558,17041,4483,32359,14281,26839
19417,7687,34183,16381,28111,11868,17761,3271,32803,17209,31699
19441,4951,35449,17923,32413,12926,18797,6653,35771,13967,26111
19447,12547,29383,16411,23311,17388,15583,7993,24967,13789,21379
19469,10499,32027,15881,24851,6256,18043,7417,32119,14593,25219
19483,853,38803,18793,37423,16284,18149,2969,35951,15527,30707
19577,9227,34757,14747,25097,7176,19163,7019,37517,12953,25097
19583,14753,27449,16547,21377,23184,17099,6197,33521,11579,22481
19609,9949,31477,17401,27061,11316,18919,6361,35617,14779,27337
19709,10601,30197,18329,27437,13432,19387,6277,34981,16903,30013
19751,11471,32309,15473,23753,7728,18233,7607,32309,14783,25409
19801,13729,31393,14281,20353,12190,16811,10601,25919,13913,20123
19801,10831,34843,13729,22699,8418,19801,8209,36913,14281,25873
19801,8209,36913,14281,25873,2898,19801,7243,37879,14281,26839
19801,7243,37879,14281,26839,2070,19801,6553,38569,14281,27529
19801,6553,38569,14281,27529,2070,19801,7243,37879,14281,26839
19819,8779,33757,16921,27961,9798,19267,5881,37483,14437,27823
19867,12277,33391,13933,21523,14168,18119,13841,25847,14669,18947
19927,10267,36901,12613,22273,21528,14867,3137,29633,11831,23561
19979,15149,29501,15287,20117,16560,16529,6869,29501,13217,22877
19997,5507,38903,15581,30071,8510,18433,4909,36097,14293,27817
