73,37,139,43,79,67,103,7,109
127,73,211,97,151,103,157,43,181
157,37,283,151,271,43,163,31,277
241,73,439,211,379,103,271,43,409
271,103,499,211,379,163,331,43,439
337,73,631,307,571,103,367,43,601
367,73,691,337,631,103,397,43,661
397,103,751,337,631,163,457,43,691
547,283,1051,307,571,523,787,43,811
547,127,1051,463,883,211,631,43,967
547,157,1051,433,823,271,661,43,937
751,331,1459,463,883,619,1039,43,1171
937,97,1831,883,1723,151,991,43,1777
937,127,1831,853,1663,211,1021,43,1747
937,307,1831,673,1303,571,1201,43,1567
997,367,1951,673,1303,691,1321,43,1627
1063,433,2083,673,1303,823,1453,43,1693
1093,73,2143,1063,2083,103,1123,43,2113
1291,211,2539,1123,2203,379,1459,43,2371
1291,241,2539,1093,2143,439,1489,43,2341
1297,127,2551,1213,2383,211,1381,43,2467
1297,607,2551,733,1423,1171,1861,43,1987
1381,673,2719,751,1459,1303,2011,43,2089
1381,211,2719,1213,2383,379,1549,43,2551
1381,541,2719,883,1723,1039,1879,43,2221
1447,733,2851,757,1471,1423,2137,43,2161
1447,607,2851,883,1723,1171,2011,43,2287
1657,607,3271,1093,2143,1171,2221,43,2707
1753,673,3463,1123,2203,1303,2383,43,2833
1777,883,3511,937,1831,1723,2617,43,2671
1867,463,3691,1447,2851,883,2287,43,3271
1987,337,3931,1693,3343,631,2281,43,3637
2137,1087,4231,1093,2143,2131,3181,43,3187
2137,757,4231,1423,2803,1471,2851,43,3517
2341,241,4639,2143,4243,439,2539,43,4441
2551,463,5059,2131,4219,883,2971,43,4639
2551,661,5059,1933,3823,1279,3169,43,4441
2731,1021,5419,1753,3463,1999,3709,43,4441
2803,1093,5563,1753,3463,2143,3853,43,4513
2833,673,5623,2203,4363,1303,3463,43,4993
2833,883,5623,1993,3943,1723,3673,43,4783
2851,751,5659,2143,4243,1459,3559,43,4951
2917,757,5791,2203,4363,1471,3631,43,5077
3067,307,6091,2803,5563,571,3331,43,5827
3361,883,6679,2521,4999,1723,4201,43,5839
3361,1021,6679,2383,4723,1999,4339,43,5701
3457,433,6871,3067,6091,823,3847,43,6481
3517,757,6991,2803,5563,1471,4231,43,6277
3541,211,7039,3373,6703,379,3709,43,6871
3643,1213,7243,2473,4903,2383,4813,43,6073
3697,1753,7351,1987,3931,3463,5407,43,5641
3697,367,7351,3373,6703,691,4021,43,7027
4231,31,8443,4219,8419,43,4243,19,8431
4231,1933,8419,2341,4639,3823,6121,43,6529
4441,241,8839,4243,8443,439,4639,43,8641
4441,661,8839,3823,7603,1279,5059,43,8221
4441,1753,8839,2731,5419,3463,6151,43,7129
4441,1123,8839,3361,6679,2203,5521,43,7759
4441,1423,8839,3061,6079,2803,5821,43,7459
4507,127,8971,4423,8803,211,4591,43,8887
4507,547,8971,4003,7963,1051,5011,43,8467
4567,127,9091,4483,8923,211,4651,43,9007
4567,2137,9091,2473,4903,4231,6661,43,6997
4621,1291,9199,3373,6703,2539,5869,43,7951
4663,283,9283,4423,8803,523,4903,43,9043
4663,883,9283,3823,7603,1723,5503,43,8443
4723,103,9403,4663,9283,163,4783,43,9343
4861,283,9679,4621,9199,523,5101,43,9439
4861,751,9679,4153,8263,1459,5569,43,8971
4951,271,9859,4723,9403,499,5179,43,9631
4951,751,9859,4243,8443,1459,5659,43,9151
4957,1693,9871,3307,6571,3343,6607,43,8221
4987,463,9931,4567,9091,883,5407,43,9511
5077,2203,10111,2917,5791,4363,7237,43,7951
5101,1093,10159,4051,8059,2143,6151,43,9109
5347,1933,10651,3457,6871,3823,7237,43,8761
5347,1693,10651,3697,7351,3343,6997,43,9001
5407,883,10771,4567,9091,1723,6247,43,9931
5557,937,11071,4663,9283,1831,6451,43,10177
5641,853,11239,4831,9619,1663,6451,43,10429
6211,211,12379,6043,12043,379,6379,43,12211
6211,1531,12379,4723,9403,3019,7699,43,10891
6217,1777,12391,4483,8923,3511,7951,43,10657
6247,73,12451,6217,12391,103,6277,43,12421
6277,103,12511,6217,12391,163,6337,43,12451
6553,1933,13063,4663,9283,3823,8443,43,11173
6571,1993,13099,4621,9199,3943,8521,43,11149
6607,433,13171,6217,12391,823,6997,43,12781
6607,2143,13171,4507,8971,4243,8707,43,11071
6691,1093,13339,5641,11239,2143,7741,43,12289
6961,2851,13879,4153,8263,5659,9769,43,11071
7057,547,14071,6553,13063,1051,7561,43,13567
7057,1693,14071,5407,10771,3343,8707,43,12421
7057,2143,14071,4957,9871,4243,9157,43,11971
7237,1933,14431,5347,10651,3823,9127,43,12541
7591,1423,15139,6211,12379,2803,8971,43,13759
7681,103,15319,7621,15199,163,7741,43,15259
7681,2143,15319,5581,11119,4243,9781,43,13219
7687,1777,15331,5953,11863,3511,9421,43,13597
7741,3541,15439,4243,8443,7039,11239,43,11941
8017,127,15991,7933,15823,211,8101,43,15907
8191,1753,16339,6481,12919,3463,9901,43,14629
8623,4243,17203,4423,8803,8443,12823,43,13003
8641,241,17239,8443,16843,439,8839,43,17041
8641,2731,17239,5953,11863,5419,11329,43,14551
8731,4153,17419,4621,9199,8263,12841,43,13309
8731,4051,17419,4723,9403,8059,12739,43,13411
8731,1093,17419,7681,15319,2143,9781,43,16369
8731,2203,17419,6571,13099,4363,10891,43,15259
8737,1093,17431,7687,15331,2143,9787,43,16381
8821,1123,17599,7741,15439,2203,9901,43,16519
8821,2383,17599,6481,12919,4723,11161,43,15259
8863,283,17683,8623,17203,523,9103,43,17443
8941,541,17839,8443,16843,1039,9439,43,17341
9043,463,18043,8623,17203,883,9463,43,17623
9127,547,18211,8623,17203,1051,9631,43,17707
9127,3823,18211,5347,10651,7603,12907,43,14431
9547,307,19051,9283,18523,571,9811,43,18787
9631,811,19219,8863,17683,1579,10399,43,18451
9733,3823,19423,5953,11863,7603,13513,43,15643
9787,1093,19531,8737,17431,2143,10837,43,18481
9787,2143,19531,7687,15331,4243,11887,43,17431
9871,673,19699,9241,18439,1303,10501,43,19069
9871,1291,19699,8623,17203,2539,11119,43,18451
9901,3061,19759,6883,13723,6079,12919,43,16741
10093,853,20143,9283,18523,1663,10903,43,19333
10093,1693,20143,8443,16843,3343,11743,43,18493
10321,1423,20599,8941,17839,2803,11701,43,19219
10501,4663,20959,5881,11719,9283,15121,43,16339
10513,1693,20983,8863,17683,3343,12163,43,19333
10531,673,21019,9901,19759,1303,11161,43,20389
10531,4831,21019,5743,11443,9619,15319,43,16231
10531,1753,21019,8821,17599,3463,12241,43,19309
10531,2521,21019,8053,16063,4999,13009,43,18541
10663,1993,21283,8713,17383,3943,12613,43,19333
10711,1933,21379,8821,17599,3823,12601,43,19489
10891,1693,21739,9241,18439,3343,12541,43,20089
10891,4243,21739,6691,13339,8443,15091,43,17539
10957,337,21871,10663,21283,631,11251,43,21577
10957,1867,21871,9133,18223,3691,12781,43,20047
10993,1423,21943,9613,19183,2803,12373,43,20563
10993,1753,21943,9283,18523,3463,12703,43,20233
11083,883,22123,10243,20443,1723,11923,43,21283
11083,1993,22123,9133,18223,3943,13033,43,20173
11083,2683,22123,8443,16843,5323,13723,43,19483
11161,31,22303,11149,22279,43,11173,19,22291
11161,211,22279,10993,21943,379,11329,43,22111
11287,283,22531,11047,22051,523,11527,43,22291
11503,463,22963,11083,22123,883,11923,43,22543
11503,883,22963,10663,21283,1723,12343,43,22123
11503,2683,22963,8863,17683,5323,14143,43,20323
11503,2833,22963,8713,17383,5623,14293,43,20173
11527,5563,23011,6007,11971,11083,17047,43,17491
11551,433,23059,11161,22279,823,11941,43,22669
11587,3697,23131,7933,15823,7351,15241,43,19477
11821,271,23599,11593,23143,499,12049,43,23371
11833,1213,23623,10663,21283,2383,13003,43,22453
11833,2143,23623,9733,19423,4243,13933,43,21523
11971,5641,23899,6373,12703,11239,17569,43,18301
11971,2143,23899,9871,19699,4243,14071,43,21799
12007,2437,23971,9613,19183,4831,14401,43,21577
12043,1093,24043,10993,21943,2143,13093,43,22993
12043,3643,24043,8443,16843,7243,15643,43,20443
12211,6043,24379,6211,12379,12043,18211,43,18379
12211,5881,24379,6373,12703,11719,18049,43,18541
12211,661,24379,11593,23143,1279,12829,43,23761
12211,751,24379,11503,22963,1459,12919,43,23671
12211,1753,24379,10501,20959,3463,13921,43,22669
12211,2383,24379,9871,19699,4723,14551,43,22039
12211,4663,24379,7591,15139,9283,16831,43,19759
12241,3463,24439,8821,17599,6883,15661,43,21019
12577,1093,25111,11527,23011,2143,13627,43,24061
12757,3517,25471,9283,18523,6991,16231,43,21997
12841,4951,25639,7933,15823,9859,17749,43,20731
13063,3823,26083,9283,18523,7603,16843,43,22303
13147,3643,26251,9547,19051,7243,16747,43,22651
13291,4051,26539,9283,18523,8059,17299,43,22531
13441,1063,26839,12421,24799,2083,14461,43,25819
13441,5743,26839,7741,15439,11443,19141,43,21139
13441,4441,26839,9043,18043,8839,17839,43,22441
13537,6553,27031,7027,14011,13063,20047,43,20521
13537,757,27031,12823,25603,1471,14251,43,26317
13537,3067,27031,10513,20983,6091,16561,43,24007
13567,73,27091,13537,27031,103,13597,43,27061
13567,5557,27091,8053,16063,11071,19081,43,21577
13567,3307,27091,10303,20563,6571,16831,43,23827
13627,2143,27211,11527,23011,4243,15727,43,25111
13903,1123,27763,12823,25603,2203,14983,43,26683
13903,3433,27763,10513,20983,6823,17293,43,24373
13903,4663,27763,9283,18523,9283,18523,43,23143
13921,3463,27799,10501,20959,6883,17341,43,24379
13921,5101,27799,8863,17683,10159,18979,43,22741
13933,73,27823,13903,27763,103,13963,43,27793
13933,1933,27823,12043,24043,3823,15823,43,25933
13933,4243,27823,9733,19423,8443,18133,43,23623
14071,4831,28099,9283,18523,9619,18859,43,23311
14197,307,28351,13933,27823,571,14461,43,28087
14197,6553,28351,7687,15331,13063,20707,43,21841
14197,4507,28351,9733,19423,8971,18661,43,23887
14323,1753,28603,12613,25183,3463,16033,43,26893
14401,2851,28759,11593,23143,5659,17209,43,25951
14407,367,28771,14083,28123,691,14731,43,28447
14551,2143,29059,12451,24859,4243,16651,43,26959
14551,4723,29059,9871,19699,9403,19231,43,24379
14713,1693,29383,13063,26083,3343,16363,43,27733
14713,4243,29383,10513,20983,8443,18913,43,25183
14713,4663,29383,10093,20143,9283,19333,43,24763
14821,463,29599,14401,28759,883,15241,43,29179
14821,541,29599,14323,28603,1039,15319,43,29101
14821,5581,29599,9283,18523,11119,20359,43,24061
14923,4663,29803,10303,20563,9283,19543,43,25183
14947,1087,29851,13903,27763,2131,15991,43,28807
14947,3463,29851,11527,23011,6883,18367,43,26431
15013,1093,29983,13963,27883,2143,16063,43,28933
15091,4423,30139,10711,21379,8803,19471,43,25759
15217,337,30391,14923,29803,631,15511,43,30097
15373,2803,30703,12613,25183,5563,18133,43,27943
15601,1093,31159,14551,29059,2143,16651,43,30109
15787,6217,31531,9613,19183,12391,21961,43,25357
16183,853,32323,15373,30703,1663,16993,43,31513
16267,7687,32491,8623,17203,15331,23911,43,24847
16267,6217,32491,10093,20143,12391,22441,43,26317
16273,1993,32503,14323,28603,3943,18223,43,30553
16381,2521,32719,13903,27763,4999,18859,43,30241
16381,3361,32719,13063,26083,6679,19699,43,29401
16381,4003,32719,12421,24799,7963,20341,43,28759
16411,4243,32779,12211,24379,8443,20611,43,28579
16477,7237,32911,9283,18523,14431,23671,43,25717
16477,6217,32911,10303,20563,12391,22651,43,26737
16477,6007,32911,10513,20983,11971,22441,43,26947
16567,5437,33091,11173,22303,10831,21961,43,27697
16633,1093,33223,15583,31123,2143,17683,43,32173
16633,6373,33223,10303,20563,12703,22963,43,26893
16693,2833,33343,13903,27763,5623,19483,43,30553
16693,4663,33343,12073,24103,9283,21313,43,28723
16831,8053,33619,8821,17599,16063,24841,43,25609
16987,103,33931,16927,33811,163,17047,43,33871
16987,397,33931,16633,33223,751,17341,43,33577
16987,5437,33931,11593,23143,10831,22381,43,28537
17107,4003,34171,13147,26251,7963,21067,43,30211
17107,5557,34171,11593,23143,11071,22621,43,28657
17137,4423,34231,12757,25471,8803,21517,43,29851
17137,5347,34231,11833,23623,10651,22441,43,28927
17257,163,34471,17137,34231,283,17377,43,34351
17257,6217,34471,11083,22123,12391,23431,43,28297
17293,5743,34543,11593,23143,11443,22993,43,28843
17317,2143,34591,15217,30391,4243,19417,43,32491
17317,3457,34591,13903,27763,6871,20731,43,31177
17431,1093,34819,16381,32719,2143,18481,43,33769
17431,3541,34819,13933,27823,7039,20929,43,31321
17443,853,34843,16633,33223,1663,18253,43,34033
17443,4663,34843,12823,25603,9283,22063,43,30223
17491,1933,34939,15601,31159,3823,19381,43,33049
17551,8461,35059,9133,18223,16879,25969,43,26641
17551,6883,35059,10711,21379,13723,24391,43,28219
17683,283,35323,17443,34843,523,17923,43,35083
17683,2803,35323,14923,29803,5563,20443,43,32563
17683,3643,35323,14083,28123,7243,21283,43,31723
17683,4663,35323,13063,26083,9283,22303,43,30703
17923,3433,35803,14533,29023,6823,21313,43,32413
17923,3643,35803,14323,28603,7243,21523,43,32203
17971,3463,35899,14551,29059,6883,21391,43,32479
17971,4723,35899,13291,26539,9403,22651,43,31219
18013,1993,35983,16063,32083,3943,19963,43,34033
18013,4153,35983,13903,27763,8263,22123,43,31873
18097,127,36151,18013,35983,211,18181,43,36067
18097,1213,36151,16927,33811,2383,19267,43,34981
18097,1447,36151,16693,33343,2851,19501,43,34747
18097,7057,36151,11083,22123,14071,25111,43,29137
18301,31,36583,18289,36559,43,18313,19,36571
18301,7681,36559,10663,21283,15319,25939,43,28921
18307,1213,36571,17137,34231,2383,19477,43,35401
18307,7687,36571,10663,21283,15331,25951,43,28927
18307,4027,36571,14323,28603,8011,22291,43,32587
18313,3823,36583,14533,29023,7603,22093,43,32803
18367,8623,36691,9787,19531,17203,26947,43,28111
18367,5347,36691,13063,26083,10651,23671,43,31387
18457,8713,36871,9787,19531,17383,27127,43,28201
18457,1933,36871,16567,33091,3823,20347,43,34981
18481,1093,36919,17431,34819,2143,19531,43,35869
18481,3433,36919,15091,30139,6823,21871,43,33529
18481,4621,36919,13903,27763,9199,23059,43,32341
18493,4003,36943,14533,29023,7963,22453,43,32983
18523,73,37003,18493,36943,103,18553,43,36973
18523,1123,37003,17443,34843,2203,19603,43,35923
18523,3643,37003,14923,29803,7243,22123,43,33403
18523,4483,37003,14083,28123,8923,22963,43,32563
18583,4663,37123,13963,27883,9283,23203,43,32503
18691,211,37339,18523,37003,379,18859,43,37171
18691,3643,37339,15091,30139,7243,22291,43,33739
18691,4663,37339,14071,28099,9283,23311,43,32719
18913,463,37783,18493,36943,883,19333,43,37363
18913,4423,37783,14533,29023,8803,23293,43,33403
19081,211,38119,18913,37783,379,19249,43,37951
19141,2551,38239,16633,33223,5059,21649,43,35731
19141,4111,38239,15073,30103,8179,23209,43,34171
19207,9283,38371,9967,19891,18523,28447,43,29131
19237,7237,38431,12043,24043,14431,26431,43,31237
19237,6217,38431,13063,26083,12391,25411,43,32257
19417,2143,38791,17317,34591,4243,21517,43,36691
19441,8713,38839,10771,21499,17383,28111,43,30169
19441,5581,38839,13903,27763,11119,24979,43,33301
19447,73,38851,19417,38791,103,19477,43,38821
19447,283,38851,19207,38371,523,19687,43,38611
19447,4567,38851,14923,29803,9091,23971,43,34327
19447,5953,38851,13537,27031,11863,25357,43,32941
19483,9283,38923,10243,20443,18523,28723,43,29683
19501,7951,38959,11593,23143,15859,27409,43,31051
19507,2917,38971,16633,33223,5791,22381,43,36097
19543,1093,39043,18493,36943,2143,20593,43,37993
19777,337,39511,19483,38923,631,20071,43,39217
19777,2833,39511,16987,33931,5623,22567,43,36721
19963,1093,39883,18913,37783,2143,21013,43,38833
20071,9613,40099,10501,20959,19183,29641,43,30529
20071,1531,40099,18583,37123,3019,21559,43,38611
20233,9613,40423,10663,21283,19183,29803,43,30853
20233,9283,40423,10993,21943,18523,29473,43,31183
20287,9043,40531,11287,22531,18043,29287,43,31531
20407,2137,40771,18313,36583,4231,22501,43,38677
20407,8443,40771,12007,23971,16843,28807,43,32371
20611,2473,41179,18181,36319,4903,23041,43,38749
20611,8821,41179,11833,23623,17599,29389,43,32401
20743,9613,41443,11173,22303,19183,30313,43,31873
20743,9283,41443,11503,22963,18523,29983,43,32203
20743,6883,41443,13903,27763,13723,27583,43,34603
20947,6043,41851,14947,29851,12043,26947,43,35851
21001,2551,41959,18493,36943,5059,23509,43,39451
21001,4663,41959,16381,32719,9283,25621,43,37339
21013,1093,41983,19963,39883,2143,22063,43,40933
21031,541,42019,20533,41023,1039,21529,43,41521
21031,1933,42019,19141,38239,3823,22921,43,40129
21031,2383,42019,18691,37339,4723,23371,43,39679
21031,2551,42019,18523,37003,5059,23539,43,39511
21031,8863,42019,12211,24379,17683,29851,43,33199
21247,547,42451,20743,41443,1051,21751,43,41947
21247,757,42451,20533,41023,1471,21961,43,41737
21247,1867,42451,19423,38803,3691,23071,43,40627
21247,4597,42451,16693,33343,9151,25801,43,37897
21247,6277,42451,15013,29983,12511,27481,43,36217
21397,2203,42751,19237,38431,4363,23557,43,40591
21523,2143,43003,19423,38803,4243,23623,43,40903
21727,757,43411,21013,41983,1471,22441,43,42697
21727,4663,43411,17107,34171,9283,26347,43,38791
21727,7237,43411,14533,29023,14431,28921,43,36217
21817,673,43591,21187,42331,1303,22447,43,42961
21817,6277,43591,15583,31123,12511,28051,43,37357
21817,7537,43591,14323,28603,15031,29311,43,36097
21997,10957,43951,11083,22123,21871,32911,43,33037
21997,1297,43951,20743,41443,2551,23251,43,42697
21997,7717,43951,14323,28603,15391,29671,43,36277
22003,3463,43963,18583,37123,6883,25423,43,40543
22051,1753,44059,20341,40639,3463,23761,43,42349
22111,103,44179,22051,44059,163,22171,43,44119
22111,2731,44179,19423,38803,5419,24799,43,41491
22111,8713,44179,13441,26839,17383,30781,43,35509
22153,673,44263,21523,43003,1303,22783,43,43633
22303,10303,44563,12043,24043,20563,32563,43,34303
22303,9283,44563,13063,26083,18523,31543,43,35323
22441,10513,44839,11971,23899,20983,32911,43,34369
22447,1093,44851,21397,42751,2143,23497,43,43801
22447,6217,44851,16273,32503,12391,28621,43,38677
22501,4243,44959,18301,36559,8443,26701,43,40759
22651,2731,45259,19963,39883,5419,25339,43,42571
22741,673,45439,22111,44179,1303,23371,43,44809
22741,8461,45439,14323,28603,16879,31159,43,37021
22993,4723,45943,18313,36583,9403,27673,43,41263
22993,8713,45943,14323,28603,17383,31663,43,37273
23011,11503,45979,11551,23059,22963,34471,43,34519
23011,1531,45979,21523,43003,3019,24499,43,44491
23071,8191,46099,14923,29803,16339,31219,43,37951
23131,163,46219,23011,45979,283,23251,43,46099
23131,673,46219,22501,44959,1303,23761,43,45589
23227,9733,46411,13537,27031,19423,32917,43,36721
23227,8443,46411,14827,29611,16843,31627,43,38011
23227,7687,46411,15583,31123,15331,30871,43,38767
23431,2731,46819,20743,41443,5419,26119,43,44131
23581,883,47119,22741,45439,1723,24421,43,46279
23593,10663,47143,12973,25903,21283,34213,43,36523
23767,1993,47491,21817,43591,3943,25717,43,45541
23767,8863,47491,14947,29851,17683,32587,43,38671
23833,8863,47623,15013,29983,17683,32653,43,38803
23893,8863,47743,15073,30103,17683,32713,43,38923
23911,10891,47779,13063,26083,21739,34759,43,36931
23911,10513,47779,13441,26839,20983,34381,43,37309
23911,9871,47779,14083,28123,19699,33739,43,37951
23917,2143,47791,21817,43591,4243,26017,43,45691
23917,5437,47791,18523,37003,10831,29311,43,42397
24061,211,48079,23893,47743,379,24229,43,47911
24061,9283,48079,14821,29599,18523,33301,43,38839
24103,10243,48163,13903,27763,20443,34303,43,37963
24103,4663,48163,19483,38923,9283,28723,43,43543
24421,5881,48799,18583,37123,11719,30259,43,42961
24517,11587,48991,12973,25903,23131,36061,43,37447
24691,1993,49339,22741,45439,3943,26641,43,47389
24691,10771,49339,13963,27883,21499,35419,43,38611
24691,9283,49339,15451,30859,18523,33931,43,40099
24691,6421,49339,18313,36583,12799,31069,43,42961
24877,12097,49711,12823,25603,24151,36931,43,37657
24877,6553,49711,18367,36691,13063,31387,43,43201
24943,11083,49843,13903,27763,22123,35983,43,38803
25087,9547,50131,15583,31123,19051,34591,43,40627
25321,331,50599,25033,50023,619,25609,43,50311
25321,7933,50599,17431,34819,15823,33211,43,42709
25537,547,51031,25033,50023,1051,26041,43,50527
25537,11677,51031,13903,27763,23311,37171,43,39397
25741,2203,51439,23581,47119,4363,27901,43,49279
25741,4621,51439,21163,42283,9199,30319,43,46861
25867,12007,51691,13903,27763,23971,37831,43,39727
25867,1993,51691,23917,47791,3943,27817,43,49741
25867,3463,51691,22447,44851,6883,29287,43,48271
25867,7933,51691,17977,35911,15823,33757,43,43801
25951,7681,51859,18313,36583,15319,33589,43,44221
26017,2833,51991,23227,46411,5623,28807,43,49201
26017,11527,51991,14533,29023,23011,37501,43,40507
26017,9133,51991,16927,33811,18223,35107,43,42901
26113,4153,52183,22003,43963,8263,30223,43,48073
26203,4243,52363,22003,43963,8443,30403,43,48163
26497,673,52951,25867,51691,1303,27127,43,52321
26497,4723,52951,21817,43591,9403,31177,43,48271
26641,10303,53239,16381,32719,20563,36901,43,42979
26641,9241,53239,17443,34843,18439,35839,43,44041
26701,5743,53359,21001,41959,11443,32401,43,47659
26731,12451,53419,14323,28603,24859,39139,43,41011
26731,10501,53419,16273,32503,20959,37189,43,42961
26881,4483,53719,22441,44839,8923,31321,43,49279
26881,10093,53719,16831,33619,20143,36931,43,43669
26881,9631,53719,17293,34543,19219,36469,43,44131
26881,8443,53719,18481,36919,16843,35281,43,45319
26881,8623,53719,18301,36559,17203,35461,43,45139
27067,2143,54091,24967,49891,4243,29167,43,51991
27067,4957,54091,22153,44263,9871,31981,43,49177
27091,1021,54139,26113,52183,1999,28069,43,53161
27091,9733,54139,17401,34759,19423,36781,43,44449
27091,8821,54139,18313,36583,17599,35869,43,45361
27103,13063,54163,14083,28123,26083,40123,43,41143
27103,6553,54163,20593,41143,13063,33613,43,47653
27271,9001,54499,18313,36583,17959,36229,43,45541
27337,12007,54631,15373,30703,23971,39301,43,42667
27337,4597,54631,22783,45523,9151,31891,43,50077
27337,5077,54631,22303,44563,10111,32371,43,49597
27361,13441,54679,13963,27883,26839,40759,43,41281
27361,11821,54679,15583,31123,23599,39139,43,42901
27397,757,54751,26683,53323,1471,28111,43,54037
27397,10303,54751,17137,34231,20563,37657,43,44491
27481,13441,54919,14083,28123,26839,40879,43,41521
27481,10891,54919,16633,33223,21739,38329,43,44071
27631,4663,55219,23011,45979,9283,32251,43,50599
27691,463,55339,27271,54499,883,28111,43,54919
27697,5437,55351,22303,44563,10831,33091,43,49957
27697,6217,55351,21523,43003,12391,33871,43,49177
27823,11593,55603,16273,32503,23143,39373,43,44053
28111,13063,56179,15091,30139,26083,41131,43,43159
28111,3121,56179,25033,50023,6199,31189,43,53101
28111,8623,56179,19531,39019,17203,36691,43,47599
28111,9631,56179,18523,37003,19219,37699,43,46591
28201,3823,56359,24421,48799,7603,31981,43,52579
28201,11551,56359,16693,33343,23059,39709,43,44851
28201,8821,56359,19423,38803,17599,36979,43,47581
28351,1291,56659,27103,54163,2539,29599,43,55411
28351,12211,56659,16183,32323,24379,40519,43,44491
28387,733,56731,27697,55351,1423,29077,43,56041
28387,1093,56731,27337,54631,2143,29437,43,55681
28387,4597,56731,23833,47623,9151,32941,43,52177
28411,10771,56779,17683,35323,21499,39139,43,46051
28477,7027,56911,21493,42943,14011,35461,43,49927
28513,12973,56983,15583,31123,25903,41443,43,44053
28591,2683,57139,25951,51859,5323,31231,43,54499
28591,11083,57139,17551,35059,22123,39631,43,46099
28663,103,57283,28603,57163,163,28723,43,57223
28687,14323,57331,14407,28771,28603,42967,43,43051
28687,14197,57331,14533,29023,28351,42841,43,43177
28687,6607,57331,22123,44203,13171,35251,43,50767
28807,13903,57571,14947,29851,27763,42667,43,43711
28807,11593,57571,17257,34471,23143,40357,43,46021
28807,7687,57571,21163,42283,15331,36451,43,49927
29017,4957,57991,24103,48163,9871,33931,43,53077
29077,13537,58111,15583,31123,27031,42571,43,44617
29077,8527,58111,20593,41143,17011,37561,43,49627
29137,4663,58231,24517,48991,9283,33757,43,53611
29137,5077,58231,24103,48163,10111,34171,43,53197
29137,7057,58231,22123,44203,14071,36151,43,51217
29137,7687,58231,21493,42943,15331,36781,43,50587
29311,14533,58579,14821,29599,29023,43801,43,44089
29311,2473,58579,26881,53719,4903,31741,43,56149
29311,4663,58579,24691,49339,9283,33931,43,53959
29311,6571,58579,22783,45523,13099,35839,43,52051
29311,9871,58579,19483,38923,19699,39139,43,48751
29437,10957,58831,18523,37003,21871,40351,43,47917
29527,883,59011,28687,57331,1723,30367,43,58171
29581,10093,59119,19531,39019,20143,39631,43,49069
29641,2803,59239,26881,53719,5563,32401,43,56479
29641,11161,59239,18523,37003,22279,40759,43,48121
29851,1381,59659,28513,56983,2719,31189,43,58321
29851,4951,59659,24943,49843,9859,34759,43,54751
29851,12211,59659,17683,35323,24379,42019,43,47491
29851,8863,59659,21031,42019,17683,38671,43,50839
29917,4423,59791,25537,51031,8803,34297,43,55411
30091,11593,60139,18541,37039,23143,41641,43,48589
30187,1093,60331,29137,58231,2143,31237,43,59281
30187,10627,60331,19603,39163,21211,40771,43,49747
30403,8443,60763,22003,43963,16843,38803,43,52363
30493,10993,60943,19543,39043,21943,41443,43,49993
30637,1993,61231,28687,57331,3943,32587,43,59281
30637,4663,61231,26017,51991,9283,35257,43,56611
30637,9283,61231,21397,42751,18523,39877,43,51991
30703,2143,61363,28603,57163,4243,32803,43,59263
30703,8443,61363,22303,44563,16843,39103,43,52963
30757,11593,61471,19207,38371,23143,42307,43,49921
30757,10513,61471,20287,40531,20983,41227,43,51001
30781,331,61519,30493,60943,619,31069,43,61231
30781,9613,61519,21211,42379,19183,40351,43,51949
30931,15373,61819,15601,31159,30703,46261,43,46489
30931,13291,61819,17683,35323,26539,44179,43,48571
31081,14083,62119,17041,34039,28123,45121,43,48079
31081,4483,62119,26641,53239,8923,35521,43,57679
31081,4831,62119,26293,52543,9619,35869,43,57331
31081,9001,62119,22123,44203,17959,40039,43,53161
31081,10093,62119,21031,42019,20143,41131,43,52069
31393,733,62743,30703,61363,1423,32083,43,62053
31393,9133,62743,22303,44563,18223,40483,43,53653
31573,14323,63103,17293,34543,28603,45853,43,48823
31627,157,63211,31513,62983,271,31741,43,63097
31627,4567,63211,27103,54163,9091,36151,43,58687
31687,547,63331,31183,62323,1051,32191,43,62827
31687,4663,63331,27067,54091,9283,36307,43,58711
31687,9283,63331,22447,44851,18523,40927,43,54091
31771,883,63499,30931,61819,1723,32611,43,62659
31873,9613,63703,22303,44563,19183,41443,43,54133
32413,1753,64783,30703,61363,3463,34123,43,63073
32413,12973,64783,19483,38923,25903,45343,43,51853
32467,3373,64891,29137,58231,6703,35797,43,61561
32467,10513,64891,21997,43951,20983,42937,43,54421
32611,2521,65179,30133,60223,4999,35089,43,62701
32611,14071,65179,18583,37123,28099,46639,43,51151
32611,7621,65179,25033,50023,15199,40189,43,57601
32611,8821,65179,23833,47623,17599,41389,43,56401
32707,10627,65371,22123,44203,21211,43291,43,54787
32797,1213,65551,31627,63211,2383,33967,43,64381
32797,14827,65551,18013,35983,29611,47581,43,50767
32797,14533,65551,18307,36571,29023,47287,43,51061
32797,4177,65551,28663,57283,8311,36931,43,61417
32797,8737,65551,24103,48163,17431,41491,43,56857
32797,8863,65551,23977,47911,17683,41617,43,56731
32803,4243,65563,28603,57163,8443,37003,43,61363
32803,6553,65563,26293,52543,13063,39313,43,59053
32887,127,65731,32803,65563,211,32971,43,65647
32887,2437,65731,30493,60943,4831,35281,43,63337
32887,9733,65731,23197,46351,19423,42577,43,56041
32971,2521,65899,30493,60943,4999,35449,43,63421
32971,13933,65899,19081,38119,27823,46861,43,52009
33073,14533,66103,18583,37123,29023,47563,43,51613
33223,1093,66403,32173,64303,2143,34273,43,65353
33343,11083,66643,22303,44563,22123,44383,43,55603
33391,1021,66739,32413,64783,1999,34369,43,65761
33391,13903,66739,19531,39019,27763,47251,43,52879
33391,12823,66739,20611,41179,25603,46171,43,53959
33391,11833,66739,21601,43159,23623,45181,43,54949
33391,10303,66739,23131,46219,20563,43651,43,56479
33487,4003,66931,29527,59011,7963,37447,43,62971
33493,15013,66943,18523,37003,29983,48463,43,51973
33637,16693,67231,16987,33931,33343,50287,43,50581
33637,15583,67231,18097,36151,31123,49177,43,51691
33637,14197,67231,19483,38923,28351,47791,43,53077
33637,8737,67231,24943,49843,17431,42331,43,58537
33721,1993,67399,31771,63499,3943,35671,43,65449
33721,15583,67399,18181,36319,31123,49261,43,51859
33721,3061,67399,30703,61363,6079,36739,43,64381
33721,3361,67399,30403,60763,6679,37039,43,64081
33721,15073,67399,18691,37339,30103,48751,43,52369
33721,5563,67399,28201,56359,11083,39241,43,61879
33721,8731,67399,25033,50023,17419,42409,43,58711
33721,9613,67399,24151,48259,19183,43291,43,57829
33721,10771,67399,22993,45943,21499,44449,43,56671
33811,883,67579,32971,65899,1723,34651,43,66739
33811,14323,67579,19531,39019,28603,48091,43,53299
33811,5743,67579,28111,56179,11443,39511,43,61879
33811,12823,67579,21031,42019,25603,46591,43,54799
33871,2731,67699,31183,62323,5419,36559,43,65011
33871,15373,67699,18541,37039,30703,49201,43,52369
33931,5563,67819,28411,56779,11083,39451,43,62299
33931,13903,67819,20071,40099,27763,47791,43,53959
33931,8941,67819,25033,50023,17839,42829,43,58921
33931,9871,67819,24103,48163,19699,43759,43,57991
33967,2383,67891,31627,63211,4723,36307,43,65551
34033,853,68023,33223,66403,1663,34843,43,67213
34033,1063,68023,33013,65983,2083,35053,43,67003
34033,3373,68023,30703,61363,6703,37363,43,64693
34057,14323,68071,19777,39511,28603,48337,43,53791
34141,4051,68239,30133,60223,8059,38149,43,64231
34141,5581,68239,28603,57163,11119,39679,43,62701
34141,8863,68239,25321,50599,17683,42961,43,59419
34141,12073,68239,22111,44179,24103,46171,43,56209
34267,1087,68491,33223,66403,2131,35311,43,67447
34267,14533,68491,19777,39511,29023,48757,43,54001
34267,8443,68491,25867,51691,16843,42667,43,60091
34327,14923,68611,19447,38851,29803,49207,43,53731
34351,6043,68659,28351,56659,12043,40351,43,62659
34351,6571,68659,27823,55603,13099,40879,43,62131
34351,8443,68659,25951,51859,16843,42751,43,60259
34471,15373,68899,19141,38239,30703,49801,43,53569
34471,12211,68899,22303,44563,24379,46639,43,56731
34603,1423,69163,33223,66403,2803,35983,43,67783
34603,4153,69163,30493,60943,8263,38713,43,65053
34603,8443,69163,26203,52363,16843,43003,43,60763
35023,1993,70003,33073,66103,3943,36973,43,68053
35251,8191,70459,27103,54163,16339,43399,43,62311
35353,3823,70663,31573,63103,7603,39133,43,66883
35353,6883,70663,28513,56983,13723,42193,43,63823
35461,4423,70879,31081,62119,8803,39841,43,66499
35461,8623,70879,26881,53719,17203,44041,43,62299
35461,13063,70879,22441,44839,26083,48481,43,57859
35521,31,71023,35509,70999,43,35533,19,71011
35521,1213,70999,34351,68659,2383,36691,43,69829
35521,3823,70999,31741,63439,7603,39301,43,67219
35527,2683,71011,32887,65731,5323,38167,43,68371
35527,14323,71011,21247,42451,28603,49807,43,56731
35527,11677,71011,23893,47743,23311,47161,43,59377
35617,1123,71191,34537,69031,2203,36697,43,70111
35617,9547,71191,26113,52183,19051,45121,43,61687
35731,16633,71419,19141,38239,33223,52321,43,54829
35731,15541,71419,20233,40423,31039,51229,43,55921
35797,307,71551,35533,71023,571,36061,43,71287
35797,14827,71551,21013,41983,29611,50581,43,56767
35803,4663,71563,31183,62323,9283,40423,43,66943
35803,13063,71563,22783,45523,26083,48823,43,58543
36007,17137,71971,18913,37783,34231,53101,43,54877
36007,5557,71971,30493,60943,11071,41521,43,66457
36013,463,71983,35593,71143,883,36433,43,71563
36013,2833,71983,33223,66403,5623,38803,43,69193
36013,14533,71983,21523,43003,29023,50503,43,57493
36013,13063,71983,22993,45943,26083,49033,43,58963
36037,547,72031,35533,71023,1051,36541,43,71527
36037,1753,72031,34327,68611,3463,37747,43,70321
36037,16633,72031,19447,38851,33223,52627,43,55441
36037,14083,72031,21997,43951,28123,50077,43,57991
36037,11047,72031,25033,50023,22051,47041,43,61027
36067,18013,72091,18097,36151,35983,54037,43,54121
36067,2143,72091,33967,67891,4243,38167,43,69991
36067,3643,72091,32467,64891,7243,39667,43,68491
36067,4483,72091,31627,63211,8923,40507,43,67651
36343,14083,72643,22303,44563,28123,50383,43,58603
36433,883,72823,35593,71143,1723,37273,43,71983
36451,11173,72859,25321,50599,22303,47581,43,61729
36457,433,72871,36067,72091,823,36847,43,72481
36541,1063,73039,35521,70999,2083,37561,43,72019
36541,15373,73039,21211,42379,30703,51871,43,57709
36541,14533,73039,22051,44059,29023,51031,43,58549
36541,10891,73039,25693,51343,21739,47389,43,62191
36643,673,73243,36013,71983,1303,37273,43,72613
36697,2137,73351,34603,69163,4231,38791,43,71257
36697,4243,73351,32497,64951,8443,40897,43,69151
36697,6553,73351,30187,60331,13063,43207,43,66841
36697,11047,73351,25693,51343,22051,47701,43,62347
36847,16927,73651,19963,39883,33811,53731,43,56767
36847,9787,73651,27103,54163,19531,46591,43,63907
36871,8713,73699,28201,56359,17383,45541,43,65029
36931,17431,73819,19543,39043,34819,54319,43,56431
36931,9283,73819,27691,55339,18523,46171,43,64579
36997,607,73951,36433,72823,1171,37561,43,73387
37021,5881,73999,31183,62323,11719,42859,43,68161
37021,15013,73999,22051,44059,29983,51991,43,59029
37021,8461,73999,28603,57163,16879,45439,43,65581
37021,8863,73999,28201,56359,17683,45841,43,65179
37057,15373,74071,21727,43411,30703,52387,43,58741
37087,73,74131,37057,74071,103,37117,43,74101
37087,787,74131,36343,72643,1531,37831,43,73387
37087,13537,74131,23593,47143,27031,50581,43,60637
37123,3823,74203,33343,66643,7603,40903,43,70423
37501,2521,74959,35023,70003,4999,39979,43,72481
37501,4153,74959,33391,66739,8263,41611,43,70849
37561,18691,75079,18913,37783,37339,56209,43,56431
37561,18523,75079,19081,38119,37003,56041,43,56599
37561,4663,75079,32941,65839,9283,42181,43,70459
37561,14533,75079,23071,46099,29023,52051,43,60589
37633,16183,75223,21493,42943,32323,53773,43,59083
37717,18523,75391,19237,38431,37003,56197,43,56911
37831,15373,75619,22501,44959,30703,53161,43,60289
37861,18481,75679,19423,38803,36919,56299,43,57241
37861,4831,75679,33073,66103,9619,42649,43,70891
37987,16633,75931,21397,42751,33223,54577,43,59341
37987,7537,75931,30493,60943,15031,45481,43,68437
38011,17443,75979,20611,41179,34843,55411,43,58579
38011,5641,75979,32413,64783,11239,43609,43,70381
38011,13903,75979,24151,48259,27763,51871,43,62119
38083,9613,76123,28513,56983,19183,47653,43,66553
38281,11593,76519,26731,53419,23143,49831,43,64969
38431,2131,76819,36343,72643,4219,40519,43,74731
38431,4003,76819,34471,68899,7963,42391,43,72859
38431,4441,76819,34033,68023,8839,42829,43,72421
38431,14323,76819,24151,48259,28603,52711,43,62539
38431,13441,76819,25033,50023,26839,51829,43,63421
38431,11833,76819,26641,53239,23623,50221,43,65029
38713,5953,77383,32803,65563,11863,44623,43,71473
38737,127,77431,38653,77263,211,38821,43,77347
38737,1693,77431,37087,74131,3343,40387,43,75781
38737,1933,77431,36847,73651,3823,40627,43,75541
38737,2437,77431,36343,72643,4831,41131,43,75037
38767,3457,77491,35353,70663,6871,42181,43,74077
38767,17317,77491,21493,42943,34591,56041,43,60217
38767,7297,77491,31513,62983,14551,46021,43,70237
38803,4243,77563,34603,69163,8443,43003,43,73363
38851,3541,77659,35353,70663,7039,42349,43,74161
38851,4243,77659,34651,69259,8443,43051,43,73459
38971,211,77899,38803,77563,379,39139,43,77731
38971,18013,77899,21001,41959,35983,56941,43,59929
38971,6043,77899,32971,65899,12043,44971,43,71899
38971,7621,77899,31393,62743,15199,46549,43,70321
38971,7933,77899,31081,62119,15823,46861,43,70009
38971,13063,77899,25951,51859,26083,51991,43,64879
39241,433,78439,38851,77659,823,39631,43,78049
39313,6553,78583,32803,65563,13063,45823,43,72073
39313,14323,78583,25033,50023,28603,53593,43,64303
39343,6043,78643,33343,66643,12043,45343,43,72643
39343,6373,78643,33013,65983,12703,45673,43,72313
39367,307,78691,39103,78163,571,39631,43,78427
39367,1693,78691,37717,75391,3343,41017,43,77041
39367,17107,78691,22303,44563,34171,56431,43,61627
39511,241,78979,39313,78583,439,39709,43,78781
39511,1123,78979,38431,76819,2203,40591,43,77899
39511,7681,78979,31873,63703,15319,47149,43,71341
39511,13933,78979,25621,51199,27823,53401,43,65089
39541,17431,79039,22153,44263,34819,56929,43,61651
39727,19483,79411,20287,40531,38923,59167,43,59971
39727,19237,79411,20533,41023,38431,58921,43,60217
39727,16987,79411,22783,45523,33931,56671,43,62467
39727,9133,79411,30637,61231,18223,48817,43,70321
39727,11083,79411,28687,57331,22123,50767,43,68371
39733,4243,79423,35533,71023,8443,43933,43,75223
39733,9283,79423,30493,60943,18523,48973,43,70183
40153,883,80263,39313,78583,1723,40993,43,79423
40153,13903,80263,26293,52543,27763,54013,43,66403
40357,2437,80671,37963,75883,4831,42751,43,78277
40357,18583,80671,21817,43591,37123,58897,43,62131
40357,18097,80671,22303,44563,36151,58411,43,62617
40357,13063,80671,27337,54631,26083,53377,43,67651
40423,3823,80803,36643,73243,7603,44203,43,77023
40423,18313,80803,22153,44263,36583,58693,43,62533
40423,9283,80803,31183,62323,18523,49663,43,71563
40483,103,80923,40423,80803,163,40543,43,80863
40483,16633,80923,23893,47743,33223,57073,43,64333
40531,31,81043,40519,81019,43,40543,19,81031
40531,18523,81019,22051,44059,37003,59011,43,62539
40531,3643,81019,36931,73819,7243,44131,43,77419
40531,9871,81019,30703,61363,19699,50359,43,71191
40531,14461,81019,26113,52183,28879,54949,43,66601
40531,13933,81019,26641,53239,27823,54421,43,67129
40543,1933,81043,38653,77263,3823,42433,43,79153
40693,10243,81343,30493,60943,20443,50893,43,71143
40801,1993,81559,38851,77659,3943,42751,43,79609
40801,3361,81559,37483,74923,6679,44119,43,78241
40801,4831,81559,36013,71983,9619,45589,43,76771
40993,18913,81943,22123,44203,37783,59863,43,63073
41047,2437,82051,38653,77263,4831,43441,43,79657
41047,8623,82051,32467,64891,17203,49627,43,73471
41047,11173,82051,29917,59791,22303,52177,43,70921
41047,12613,82051,28477,56911,25183,53617,43,69481
41047,13147,82051,27943,55843,26251,54151,43,68947
41113,1993,82183,39163,78283,3943,43063,43,80233
41113,7933,82183,33223,66403,15823,49003,43,74293
41131,19963,82219,21211,42379,39883,61051,43,62299
41131,3361,82219,37813,75583,6679,44449,43,78901
41161,5743,82279,35461,70879,11443,46861,43,76579
41161,17293,82279,23911,47779,34543,58411,43,65029
41161,15583,82279,25621,51199,31123,56701,43,66739
41161,15091,82279,26113,52183,30139,56209,43,67231
41161,12613,82279,28591,57139,25183,53731,43,69709
41161,13933,82279,27271,54499,27823,55051,43,68389
41257,307,82471,40993,81943,571,41521,43,82207
41257,1987,82471,39313,78583,3931,43201,43,80527
41257,4957,82471,36343,72643,9871,46171,43,77557
41257,9127,82471,32173,64303,18211,50341,43,73387
41257,9787,82471,31513,62983,19531,51001,43,72727
41257,12823,82471,28477,56911,25603,54037,43,69691
41257,13903,82471,27397,54751,27763,55117,43,68611
41467,463,82891,41047,82051,883,41887,43,82471
41467,1777,82891,39733,79423,3511,43201,43,81157
41467,16633,82891,24877,49711,33223,58057,43,66301
41467,16477,82891,25033,50023,32911,57901,43,66457
41467,8623,82891,32887,65731,17203,50047,43,74311
41467,11593,82891,29917,59791,23143,53017,43,71341
41491,1993,82939,39541,79039,3943,43441,43,80989
41491,2731,82939,38803,77563,5419,44179,43,80251
41737,1423,83431,40357,80671,2803,43117,43,82051
41737,19777,83431,22003,43963,39511,61471,43,63697
41737,12973,83431,28807,57571,25903,54667,43,70501
42181,1063,84319,41161,82279,2083,43201,43,83299
42181,9283,84319,32941,65839,18523,51421,43,75079
42181,15541,84319,26683,53323,31039,57679,43,68821
42337,4567,84631,37813,75583,9091,46861,43,80107
42397,103,84751,42337,84631,163,42457,43,84691
42451,21001,84859,21493,42943,41959,63409,43,63901
42451,16381,84859,26113,52183,32719,58789,43,68521
42451,13903,84859,28591,57139,27763,56311,43,70999
42457,163,84871,42337,84631,283,42577,43,84751
42457,6883,84871,35617,71191,13723,49297,43,78031
42457,8443,84871,34057,68071,16843,50857,43,76471
42457,12007,84871,30493,60943,23971,54421,43,72907
42703,3433,85363,39313,78583,6823,46093,43,81973
42727,433,85411,42337,84631,823,43117,43,85021
42727,757,85411,42013,83983,1471,43441,43,84697
42727,8737,85411,34033,68023,17431,51421,43,76717
42787,547,85531,42283,84523,1051,43291,43,85027
42787,3727,85531,39103,78163,7411,46471,43,81847
42787,4027,85531,38803,77563,8011,46771,43,81547
42787,19237,85531,23593,47143,38431,61981,43,66337
42787,18313,85531,24517,48991,36583,61057,43,67261
42787,6373,85531,36457,72871,12703,49117,43,79201
42787,17293,85531,25537,51031,34543,60037,43,68281
42841,2341,85639,40543,81043,4639,45139,43,83341
42841,20233,85639,22651,45259,40423,63031,43,65449
42841,3643,85639,39241,78439,7243,46441,43,82039
42943,11593,85843,31393,62743,23143,54493,43,74293
42943,14323,85843,28663,57283,28603,57223,43,71563
43093,21013,86143,22123,44203,41983,64063,43,65173
43093,4483,86143,38653,77263,8923,47533,43,81703
43093,17443,86143,25693,51343,34843,60493,43,68743
43177,157,86311,43063,86083,271,43291,43,86197
43177,11047,86311,32173,64303,22051,54181,43,75307
43177,11593,86311,31627,63211,23143,54727,43,74761
43177,14533,86311,28687,57331,29023,57667,43,71821
43207,73,86371,43177,86311,103,43237,43,86341
43207,157,86371,43093,86143,271,43321,43,86257
43291,21031,86539,22303,44563,42019,64279,43,65551
43291,6883,86539,36451,72859,13723,50131,43,79699
43291,10321,86539,33013,65983,20599,53569,43,76261
43321,8713,86599,34651,69259,17383,51991,43,77929
43321,9871,86599,33493,66943,19699,53149,43,76771
43573,4663,87103,38953,77863,9283,48193,43,82483
43597,937,87151,42703,85363,1831,44491,43,86257
43597,4987,87151,38653,77263,9931,48541,43,82207
43597,13147,87151,30493,60943,26251,56701,43,74047
43627,19777,87211,23893,47743,39511,63361,43,67477
43627,8053,87211,35617,71191,16063,51637,43,79201
43627,9613,87211,34057,68071,19183,53197,43,77641
43627,15583,87211,28087,56131,31123,59167,43,71671
43633,6043,87223,37633,75223,12043,49633,43,81223
43633,15013,87223,28663,57283,29983,58603,43,72253
43777,6007,87511,37813,75583,11971,49741,43,81547
43777,13903,87511,29917,59791,27763,57637,43,73651
43801,2683,87559,41161,82279,5323,46441,43,84919
43801,2731,87559,41113,82183,5419,46489,43,84871
43801,7411,87559,36433,72823,14779,51169,43,80191
43801,8821,87559,35023,70003,17599,52579,43,78781
43867,6277,87691,37633,75223,12511,50101,43,81457
43891,1291,87739,42643,85243,2539,45139,43,86491
43891,6373,87739,37561,75079,12703,50221,43,81409
43891,7591,87739,36343,72643,15139,51439,43,80191
43891,17293,87739,26641,53239,34543,61141,43,70489
43891,16831,87739,27103,54163,33619,60679,43,70951
43987,853,87931,43177,86311,1663,44797,43,87121
43987,7687,87931,36343,72643,15331,51631,43,80287
44017,283,87991,43777,87511,523,44257,43,87751
44017,997,87991,43063,86083,1951,44971,43,87037
44017,7717,87991,36343,72643,15391,51691,43,80317
44257,1093,88471,43207,86371,2143,45307,43,87421
44257,4957,88471,39343,78643,9871,49171,43,83557
44257,10957,88471,33343,66643,21871,55171,43,77557
44497,673,88951,43867,87691,1303,45127,43,88321
44497,5437,88951,39103,78163,10831,49891,43,83557
44497,7057,88951,37483,74923,14071,51511,43,81937
44623,14533,89203,30133,60223,29023,59113,43,74713
44851,331,89659,44563,89083,619,45139,43,89371
44851,18691,89659,26203,52363,37339,63499,43,71011
44971,22003,89899,23011,45979,43963,66931,43,67939
44971,1123,89899,43891,87739,2203,46051,43,88819
44971,1213,89899,43801,87559,2383,46141,43,88729
44971,2731,89899,42283,84523,5419,47659,43,87211
44971,4861,89899,40153,80263,9679,49789,43,85081
44971,17923,89899,27091,54139,35803,62851,43,72019
44971,12211,89899,32803,65563,24379,57139,43,77731
45121,2521,90199,42643,85243,4999,47599,43,87721
45121,4003,90199,41161,82279,7963,49081,43,86239
45121,18523,90199,26641,53239,37003,63601,43,71719
45121,18481,90199,26683,53323,36919,63559,43,71761
45121,8821,90199,36343,72643,17599,53899,43,81421
45121,9631,90199,35533,71023,19219,54709,43,80611
45121,17683,90199,27481,54919,35323,62761,43,72559
45121,14461,90199,30703,61363,28879,59539,43,75781
45337,757,90631,44623,89203,1471,46051,43,89917
45337,22153,90631,23227,46411,44263,67447,43,68521
45337,2203,90631,43177,86311,4363,47497,43,88471
45337,6217,90631,39163,78283,12391,51511,43,84457
45361,433,90679,44971,89899,823,45751,43,90289
45433,463,90823,45013,89983,883,45853,43,90403
45667,11677,91291,34033,68023,23311,57301,43,79657
45673,1933,91303,43783,87523,3823,47563,43,89413
45673,6553,91303,39163,78283,13063,52183,43,84793
45751,6481,91459,39313,78583,12919,52189,43,85021
45751,17683,91459,28111,56179,35323,63391,43,73819
45817,17257,91591,28603,57163,34471,63031,43,74377
45841,1993,91639,43891,87739,3943,47791,43,89689
46147,9733,92251,36457,72871,19423,55837,43,82561
46237,10243,92431,36037,72031,20443,56437,43,82231
46261,13291,92479,33013,65983,26539,59509,43,79231
46273,19483,92503,26833,53623,38923,65713,43,73063
46273,13903,92503,32413,64783,27763,60133,43,78643
46411,1021,92779,45433,90823,1999,47389,43,91801
46411,8641,92779,37813,75583,17239,55009,43,84181
46471,9871,92899,36643,73243,19699,56299,43,83071
46471,10711,92899,35803,71563,21379,57139,43,82231
46471,13903,92899,32611,65179,27763,60331,43,79039
46471,15583,92899,30931,61819,31123,62011,43,77359
46573,1993,93103,44623,89203,3943,48523,43,91153
46573,2833,93103,43783,87523,5623,49363,43,90313
46591,5641,93139,40993,81943,11239,52189,43,87541
46591,8623,93139,38011,75979,17203,55171,43,84559
46663,1093,93283,45613,91183,2143,47713,43,92233
46663,4423,93283,42283,84523,8803,51043,43,88903
46663,20593,93283,26113,52183,41143,67213,43,72733
46663,11173,93283,35533,71023,22303,57793,43,82153
46681,883,93319,45841,91639,1723,47521,43,92479
46681,8713,93319,38011,75979,17383,55351,43,84649
46681,8863,93319,37861,75679,17683,55501,43,84499
46681,10711,93319,36013,71983,21379,57349,43,82651
46957,9283,93871,37717,75391,18523,56197,43,84631
46957,18523,93871,28477,56911,37003,65437,43,75391
47221,9631,94399,37633,75223,19219,56809,43,84811
47221,16183,94399,31081,62119,32323,63361,43,78259
47287,1093,94531,46237,92431,2143,48337,43,93481
47287,9613,94531,37717,75391,19183,56857,43,84961
47287,18313,94531,29017,57991,36583,65557,43,76261
47287,11527,94531,35803,71563,23011,58771,43,83047
47287,16927,94531,30403,60763,33811,64171,43,77647
47293,1063,94543,46273,92503,2083,48313,43,93523
47407,163,94771,47287,94531,283,47527,43,94651
47407,2437,94771,45013,89983,4831,49801,43,92377
47407,8737,94771,38713,77383,17431,56101,43,86077
47407,9733,94771,37717,75391,19423,57097,43,85081
47407,11833,94771,35617,71191,23623,59197,43,82981
47431,883,94819,46591,93139,1723,48271,43,93979
47431,22441,94819,25033,50023,44839,69829,43,72421
47431,9043,94819,38431,76819,18043,56431,43,85819
47431,14083,94819,33391,66739,28123,61471,43,80779
47497,4597,94951,42943,85843,9151,52051,43,90397
47497,11083,94951,36457,72871,22123,58537,43,83911
47521,1093,94999,46471,92899,2143,48571,43,93949
47521,6571,94999,40993,81943,13099,54049,43,88471
47521,9133,94999,38431,76819,18223,56611,43,85909
47563,3823,95083,43783,87523,7603,51343,43,91303
47623,1093,95203,46573,93103,2143,48673,43,94153
47743,2803,95443,44983,89923,5563,50503,43,92683
47791,20011,95539,27823,55603,39979,67759,43,75571
47791,8731,95539,39103,78163,17419,56479,43,86851
47791,8863,95539,38971,77899,17683,56611,43,86719
47791,19483,95539,28351,56659,38923,67231,43,76099
47917,1867,95791,46093,92143,3691,49741,43,93967
47917,2347,95791,45613,91183,4651,50221,43,93487
47917,5563,95791,42397,84751,11083,53437,43,90271
47917,11047,95791,36913,73783,22051,58921,43,84787
47977,4243,95911,43777,87511,8443,52177,43,91711
47977,14533,95911,33487,66931,29023,62467,43,81421
48121,541,96199,47623,95203,1039,48619,43,95701
48121,20533,96199,27631,55219,41023,68611,43,75709
48121,18523,96199,29641,59239,37003,66601,43,77719
48187,7237,96331,40993,81943,14431,55381,43,89137
48187,12613,96331,35617,71191,25183,60757,43,83761
48187,13147,96331,35083,70123,26251,61291,43,83227
48187,13903,96331,34327,68611,27763,62047,43,82471
48187,15217,96331,33013,65983,30391,63361,43,81157
48247,547,96451,47743,95443,1051,48751,43,95947
48247,3307,96451,44983,89923,6571,51511,43,93187
48247,12757,96451,35533,71023,25471,60961,43,83737
48487,1867,96931,46663,93283,3691,50311,43,95107
48487,2917,96931,45613,91183,5791,51361,43,94057
48541,1291,97039,47293,94543,2539,49789,43,95791
48541,9871,97039,38713,77383,19699,58369,43,87211
48541,11083,97039,37501,74959,22123,59581,43,85999
48673,1423,97303,47293,94543,2803,50053,43,95923
48673,2143,97303,46573,93103,4243,50773,43,95203
48673,18013,97303,30703,61363,35983,66643,43,79333
48751,8641,97459,40153,80263,17239,57349,43,88861
48847,367,97651,48523,97003,691,49171,43,97327
48847,12823,97651,36067,72091,25603,61627,43,84871
48907,20287,97771,28663,57283,40531,69151,43,77527
49171,2551,98299,46663,93283,5059,51679,43,95791
49171,4231,98299,44983,89923,8419,53359,43,94111
49171,5581,98299,43633,87223,11119,54709,43,92761
49171,6373,98299,42841,85639,12703,55501,43,91969
49171,20611,98299,28603,57163,41179,69739,43,77731
49171,8731,98299,40483,80923,17419,57859,43,89611
49171,16411,98299,32803,65563,32779,65539,43,81931
49261,2731,98479,46573,93103,5419,51949,43,95791
49261,23011,98479,26293,52543,45979,72229,43,75511
49261,18523,98479,30781,61519,37003,67741,43,79999
49411,5881,98779,43573,87103,11719,55249,43,92941
49411,8191,98779,41263,82483,16339,57559,43,90631
49411,11971,98779,37483,74923,23899,61339,43,86851
49477,3373,98911,46147,92251,6703,52807,43,95581
49477,8053,98911,41467,82891,16063,57487,43,90901
49477,17107,98911,32413,64783,34171,66541,43,81847
49741,4663,99439,45121,90199,9283,54361,43,94819
49741,17431,99439,32353,64663,34819,67129,43,82051
49783,1093,99523,48733,97423,2143,50833,43,98473
49801,23893,99559,25951,51859,47743,73651,43,75709
49801,10501,99559,39343,78643,20959,60259,43,89101
49801,10531,99559,39313,78583,21019,60289,43,89071
49801,12973,99559,36871,73699,25903,62731,43,86629
49801,17431,99559,32413,64783,34819,67189,43,82171
49807,23833,99571,26017,51991,47623,73597,43,75781
