71,41,113,59,89,53,83,29,101
73,37,139,43,79,67,103,7,109
103,43,199,67,127,79,139,7,163
109,37,211,79,151,67,139,7,181
127,73,211,97,151,103,157,43,181
127,43,241,97,181,73,157,13,211
131,71,233,89,149,113,173,29,191
139,67,271,79,151,127,199,7,211
149,59,281,107,197,101,191,17,239
151,61,283,109,199,103,193,19,241
157,37,283,151,271,43,163,31,277
167,71,293,137,233,101,197,41,263
167,53,311,137,251,83,197,23,281
173,89,317,113,197,149,233,29,257
179,89,347,101,191,167,257,11,269
191,89,353,131,233,149,251,29,293
191,71,353,149,269,113,233,29,311
193,73,349,157,277,109,229,37,313
211,43,409,181,349,73,241,13,379
227,137,353,191,281,173,263,101,317
227,101,443,137,263,191,317,11,353
241,73,439,211,379,103,271,43,409
241,109,463,151,283,199,331,19,373
241,61,463,199,379,103,283,19,421
251,71,443,239,419,83,263,59,431
251,41,479,233,443,59,269,23,461
257,71,503,197,383,131,317,11,443
263,173,359,257,347,179,269,167,353
263,137,419,233,359,167,293,107,389
269,137,521,149,281,257,389,17,401
269,149,431,227,347,191,311,107,389
269,149,467,191,311,227,347,71,389
271,103,499,211,379,163,331,43,439
281,71,503,269,479,83,293,59,491
281,101,491,251,431,131,311,71,461
281,83,509,251,449,113,311,53,479
281,71,521,251,461,101,311,41,491
283,109,547,193,367,199,373,19,457
293,83,557,239,449,137,347,29,503
293,167,479,233,359,227,353,107,419
307,43,601,277,541,73,337,13,571
307,37,607,277,547,67,337,7,577
307,127,601,193,373,241,421,13,487
311,191,509,233,353,269,389,113,431
311,53,617,263,521,101,359,5,569
311,101,599,233,443,179,389,23,521
337,97,607,307,547,127,367,67,577
337,73,631,307,571,103,367,43,601
337,43,661,307,601,73,367,13,631
347,227,503,311,431,263,383,191,467
347,137,593,311,521,173,383,101,557
347,173,641,227,401,293,467,53,521
347,137,653,251,461,233,443,41,557
347,131,683,227,443,251,467,11,563
349,79,691,277,547,151,421,7,619
353,227,569,263,389,317,443,137,479
353,149,647,263,467,239,443,59,557
359,59,701,317,617,101,401,17,659
359,149,659,269,479,239,449,59,569
359,149,677,251,461,257,467,41,569
367,73,691,337,631,103,397,43,661
367,157,631,313,523,211,421,103,577
373,13,739,367,727,19,379,7,733
373,73,739,307,607,139,439,7,673
379,181,607,349,547,211,409,151,577
389,269,587,311,431,347,467,191,509
389,59,761,347,677,101,431,17,719
389,179,677,311,521,257,467,101,599
389,137,761,269,521,257,509,17,641
389,137,773,257,509,269,521,5,641
397,163,691,337,571,223,457,103,631
397,103,751,337,631,163,457,43,691
401,149,743,311,563,239,491,59,653
409,241,607,379,547,271,439,211,577
409,199,751,277,487,331,541,67,619
419,179,827,251,491,347,587,11,659
419,179,797,281,521,317,557,41,659
421,211,643,409,619,223,433,199,631
421,211,829,223,433,409,619,13,631
421,199,823,241,463,379,601,19,643
431,53,857,383,761,101,479,5,809
431,101,839,353,683,179,509,23,761
443,293,617,419,569,317,467,269,593
443,293,719,317,467,419,569,167,593
449,281,647,419,587,311,479,251,617
449,71,857,419,797,101,479,41,827
449,41,887,419,827,71,479,11,857
449,197,761,389,641,257,509,137,701
457,157,907,307,607,307,607,7,757
461,401,563,419,479,443,503,359,521
461,263,839,281,479,443,641,83,659
461,239,863,281,503,419,641,59,683
463,43,907,439,859,67,487,19,883
463,199,907,283,547,379,643,19,727
463,157,919,313,619,307,613,7,769
467,257,701,443,653,281,491,233,677
467,257,863,281,491,443,653,71,677
467,233,911,257,491,443,677,23,701
467,173,881,347,641,293,587,53,761
479,389,647,401,491,467,557,311,569
479,17,953,467,929,29,491,5,941
479,101,887,449,827,131,509,71,857
479,137,941,359,701,257,599,17,821
487,241,823,397,643,331,577,151,733
491,41,953,479,929,53,503,29,941
491,71,941,461,881,101,521,41,911
491,41,971,461,911,71,521,11,941
491,101,953,419,809,173,563,29,881
491,281,809,383,593,389,599,173,701
499,379,661,457,577,421,541,337,619
499,139,991,367,727,271,631,7,859
503,263,827,419,659,347,587,179,743
509,89,977,461,881,137,557,41,929
509,257,821,449,701,317,569,197,761
509,197,881,449,761,257,569,137,821
509,131,947,449,827,191,569,71,887
521,401,683,479,599,443,563,359,641
521,71,1013,479,929,113,563,29,971
521,101,1019,443,863,179,599,23,941
523,313,919,337,547,499,709,127,733
523,223,907,439,739,307,607,139,823
523,223,1039,307,607,439,739,7,823
523,193,937,439,769,277,607,109,853
523,223,1033,313,613,433,733,13,823
523,163,1033,373,733,313,673,13,883
541,331,883,409,619,463,673,199,751
541,229,1063,331,643,439,751,19,853
547,283,1051,307,571,523,787,43,811
547,307,967,367,607,487,727,127,787
547,337,883,421,631,463,673,211,757
547,283,991,367,631,463,727,103,811
547,157,1021,463,853,241,631,73,937
547,127,1051,463,883,211,631,43,967
547,157,1051,433,823,271,661,43,937
547,241,1033,367,673,421,727,61,853
547,157,1063,421,811,283,673,31,937
557,137,1013,521,941,173,593,101,977
557,227,977,467,797,317,647,137,887
557,257,1061,353,653,461,761,53,857
557,227,1013,431,761,353,683,101,887
557,227,1091,353,683,431,761,23,887
557,131,1109,431,857,257,683,5,983
563,23,1109,557,1097,29,569,17,1103
563,263,1109,317,617,509,809,17,863
563,113,1097,479,929,197,647,29,1013
563,353,887,449,659,467,677,239,773
563,239,1097,353,677,449,773,29,887
563,149,1097,443,857,269,683,29,977
571,151,1063,499,919,223,643,79,991
577,67,1123,541,1051,103,613,31,1087
577,277,1123,331,631,523,823,31,877
587,263,941,557,881,293,617,233,911
593,173,1097,509,929,257,677,89,1013
593,89,1181,509,1013,173,677,5,1097
593,257,1019,503,839,347,683,167,929
593,239,1097,443,797,389,743,89,947
599,479,797,521,641,557,677,401,719
599,269,971,557,887,311,641,227,929
599,311,1097,389,677,521,809,101,887
599,179,1097,521,941,257,677,101,1019
599,89,1187,521,1031,167,677,11,1109
599,269,1049,479,809,389,719,149,929
599,137,1181,479,941,257,719,17,1061
601,181,1051,571,991,211,631,151,1021
601,109,1123,571,1063,139,631,79,1093
601,211,1129,463,853,349,739,73,991
607,331,1153,337,613,601,877,61,883
607,127,1153,541,1021,193,673,61,1087
607,97,1201,523,1033,181,691,13,1117
613,103,1129,607,1117,109,619,97,1123
617,41,1223,587,1163,71,647,11,1193
617,71,1223,557,1103,131,677,11,1163
617,137,1223,491,971,263,743,11,1097
617,131,1229,491,977,257,743,5,1103
619,109,1171,577,1087,151,661,67,1129
619,199,1171,487,907,331,751,67,1039
631,211,1063,619,1039,223,643,199,1051
631,409,883,601,823,439,661,379,853
631,241,1051,601,991,271,661,211,1021
631,211,1249,433,853,409,829,13,1051
641,521,839,563,683,599,719,443,761
641,311,1013,599,929,353,683,269,971
641,311,1259,353,683,599,929,23,971
641,131,1193,599,1109,173,683,89,1151
641,101,1259,563,1103,179,719,23,1181
641,311,1103,509,839,443,773,179,971
643,379,937,613,877,409,673,349,907
643,193,1123,613,1063,223,673,163,1093
643,433,919,577,787,499,709,367,853
643,367,1129,433,709,577,853,157,919
643,223,1249,457,877,409,829,37,1063
643,193,1279,457,907,379,829,7,1093
647,107,1193,641,1181,113,653,101,1187
647,11,1289,641,1277,17,653,5,1283
647,317,1277,347,677,617,947,17,977
647,101,1223,617,1163,131,677,71,1193
653,23,1289,647,1277,29,659,17,1283
659,599,761,617,677,641,701,557,719
659,389,971,617,887,431,701,347,929
659,59,1301,617,1217,101,701,17,1259
661,109,1303,571,1123,199,751,19,1213
673,283,1117,619,1009,337,727,229,1063
673,463,1033,523,733,613,823,313,883
673,313,1327,379,739,607,967,19,1033
673,277,1279,463,859,487,883,67,1069
673,229,1327,463,907,439,883,19,1117
677,467,911,653,863,491,701,443,887
677,383,1181,467,761,593,887,173,971
677,173,1301,557,1061,293,797,53,1181
677,257,1283,491,911,443,863,71,1097
683,383,1019,647,947,419,719,347,983
683,353,1049,647,977,389,719,317,1013
683,353,1307,389,719,647,977,59,1013
683,479,977,593,797,569,773,389,887
683,263,1193,593,1013,353,773,173,1103
683,179,1277,593,1097,269,773,89,1187
683,173,1283,593,1103,263,773,83,1193
683,383,1109,557,857,509,809,257,983
683,353,1217,479,809,557,887,149,1013
683,263,1229,557,977,389,809,137,1103
683,179,1361,509,1013,353,857,5,1187
691,331,1069,673,1033,349,709,313,1051
701,431,1223,449,719,683,953,179,971
701,521,1019,563,743,659,839,383,881
701,449,1163,491,743,659,911,239,953
701,383,1229,491,809,593,911,173,1019
701,353,1289,461,809,593,941,113,1049
701,311,1229,563,953,449,839,173,1091
701,251,1289,563,1013,389,839,113,1151
701,311,1301,491,881,521,911,101,1091
701,251,1361,491,941,461,911,41,1151
701,239,1373,491,953,449,911,29,1163
709,349,1087,691,1051,367,727,331,1069
709,349,1381,397,757,661,1021,37,1069
719,599,881,677,797,641,761,557,839
719,467,1181,509,761,677,929,257,971
719,389,1301,467,797,641,971,137,1049
719,389,1259,509,839,599,929,179,1049
719,131,1427,599,1187,251,839,11,1307
719,347,1301,509,881,557,929,137,1091
719,257,1433,467,929,509,971,5,1181
727,547,991,643,823,631,811,463,907
727,487,1123,571,811,643,883,331,967
727,463,1171,547,811,643,907,283,991
727,337,1423,421,811,643,1033,31,1117
727,157,1381,643,1213,241,811,73,1297
727,337,1213,631,1021,433,823,241,1117
727,127,1423,631,1231,223,823,31,1327
727,421,1213,547,853,601,907,241,1033
727,337,1381,463,853,601,991,73,1117
727,157,1423,601,1171,283,853,31,1297
733,373,1447,379,739,727,1087,19,1093
733,13,1459,727,1447,19,739,7,1453
733,373,1117,709,1069,397,757,349,1093
733,373,1429,397,757,709,1069,37,1093
733,43,1447,709,1399,67,757,19,1423
733,313,1453,433,853,613,1033,13,1153
733,373,1327,499,859,607,967,139,1093
739,19,1471,727,1447,31,751,7,1459
739,571,937,709,877,601,769,541,907
739,229,1297,691,1201,277,787,181,1249
739,349,1381,487,877,601,991,97,1129
743,293,1289,647,1097,389,839,197,1193
751,271,1291,691,1171,331,811,211,1231
751,331,1279,643,1063,439,859,223,1171
751,331,1483,439,859,643,1063,19,1171
751,331,1303,619,1039,463,883,199,1171
751,331,1459,463,883,619,1039,43,1171
757,661,883,727,823,691,787,631,853
757,577,967,727,907,607,787,547,937
757,421,1303,547,883,631,967,211,1093
761,89,1493,701,1373,149,821,29,1433
769,367,1531,409,811,727,1129,7,1171
769,601,997,709,877,661,829,541,937
769,157,1531,619,1231,307,919,7,1381
773,359,1277,683,1097,449,863,269,1187
773,353,1283,683,1103,443,863,263,1193
773,353,1523,443,863,683,1103,23,1193
773,269,1367,683,1187,359,863,179,1277
773,263,1373,683,1193,353,863,173,1283
773,227,1409,683,1229,317,863,137,1319
773,449,1307,563,887,659,983,239,1097
773,443,1277,599,929,617,947,269,1103
773,383,1373,563,953,593,983,173,1163
787,277,1543,541,1051,523,1033,31,1297
797,167,1571,653,1283,311,941,23,1427
809,557,1301,569,821,797,1049,317,1061
809,179,1451,797,1427,191,821,167,1439
809,509,1361,557,857,761,1061,257,1109
809,59,1607,761,1511,107,857,11,1559
809,467,1361,599,941,677,1019,257,1151
809,389,1361,677,1097,521,941,257,1229
809,389,1481,557,977,641,1061,137,1229
809,389,1439,599,1019,599,1019,179,1229
809,257,1613,557,1109,509,1061,5,1361
811,571,1249,613,853,769,1009,373,1051
811,151,1543,739,1399,223,883,79,1471
811,421,1381,631,1021,601,991,241,1201
811,193,1609,631,1249,373,991,13,1429
821,419,1283,761,1163,479,881,359,1223
821,131,1571,761,1451,191,881,71,1511
821,89,1613,761,1493,149,881,29,1553
821,149,1613,701,1373,269,941,29,1493
821,191,1613,659,1289,353,983,29,1451
821,233,1637,593,1181,461,1049,5,1409
823,577,1279,613,859,787,1033,367,1069
823,367,1489,613,1069,577,1033,157,1279
827,461,1223,797,1163,491,857,431,1193
827,101,1583,797,1523,131,857,71,1553
827,71,1613,797,1553,101,857,41,1583
827,227,1481,773,1373,281,881,173,1427
827,557,1223,701,971,683,953,431,1097
827,227,1553,701,1301,353,953,101,1427
827,167,1613,701,1361,293,953,41,1487
827,281,1523,677,1223,431,977,131,1373
829,661,1087,739,907,751,919,571,997
829,541,1327,619,907,751,1039,331,1117
829,409,1327,751,1171,487,907,331,1249
829,367,1381,739,1201,457,919,277,1291
829,199,1597,691,1321,337,967,61,1459
829,199,1627,661,1291,367,997,31,1459
829,409,1459,619,1039,619,1039,199,1249
839,569,1361,587,857,821,1091,317,1109
839,659,1061,797,977,701,881,617,1019
839,419,1637,461,881,797,1217,41,1259
839,359,1361,797,1277,401,881,317,1319
839,269,1451,797,1367,311,881,227,1409
839,449,1367,701,1091,587,977,311,1229
839,449,1481,587,977,701,1091,197,1229
839,179,1637,701,1361,317,977,41,1499
839,239,1619,659,1259,419,1019,59,1439
853,619,1297,643,877,829,1063,409,1087
853,739,997,823,937,769,883,709,967
853,643,1093,823,1033,673,883,613,1063
853,127,1609,823,1549,157,883,97,1579
853,109,1627,823,1567,139,883,79,1597
853,643,1129,787,997,709,919,577,1063
853,223,1567,769,1399,307,937,139,1483
853,277,1609,673,1249,457,1033,97,1429
853,379,1567,613,1087,619,1093,139,1327
857,347,1451,773,1283,431,941,263,1367
857,521,1433,617,953,761,1097,281,1193
863,443,1307,839,1259,467,887,419,1283
863,443,1637,509,929,797,1217,89,1283
863,293,1499,797,1367,359,929,227,1433
863,173,1619,797,1487,239,929,107,1553
863,233,1613,743,1373,353,983,113,1493
877,373,1471,787,1291,463,967,283,1381
881,251,1571,821,1451,311,941,191,1511
883,463,1327,859,1279,487,907,439,1303
883,463,1699,487,907,859,1279,67,1303
883,439,1747,463,907,859,1303,19,1327
883,43,1747,859,1699,67,907,19,1723
883,223,1657,769,1429,337,997,109,1543
883,463,1453,733,1153,613,1033,313,1303
883,157,1759,733,1459,307,1033,7,1609
883,277,1699,673,1279,487,1093,67,1489
887,467,1637,557,977,797,1217,137,1307
887,467,1601,593,1013,761,1181,173,1307
887,347,1637,677,1217,557,1097,137,1427
907,577,1483,661,991,823,1153,331,1237
907,487,1483,751,1171,643,1063,331,1327
907,367,1741,613,1153,661,1201,73,1447
911,521,1373,839,1229,593,983,449,1301
911,311,1583,839,1439,383,983,239,1511
911,461,1709,563,1013,809,1259,113,1361
911,521,1439,773,1163,659,1049,383,1301
911,521,1553,659,1049,773,1163,269,1301
911,251,1709,773,1433,389,1049,113,1571
911,239,1733,761,1433,389,1061,89,1583
919,457,1471,829,1291,547,1009,367,1381
919,139,1831,787,1567,271,1051,7,1699
919,457,1531,769,1231,607,1069,307,1381
919,229,1759,769,1459,379,1069,79,1609
919,439,1567,751,1231,607,1087,271,1399
919,379,1627,751,1291,547,1087,211,1459
919,379,1831,547,1087,751,1291,7,1459
929,839,1061,887,977,881,971,797,1019
929,599,1301,887,1217,641,971,557,1259
929,449,1847,491,971,887,1367,11,1409
929,761,1217,809,977,881,1049,641,1097
929,677,1301,809,1061,797,1049,557,1181
937,853,1051,907,991,883,967,823,1021
937,181,1723,907,1663,211,967,151,1693
937,43,1861,907,1801,73,967,13,1831
937,127,1801,883,1693,181,991,73,1747
937,97,1831,883,1723,151,991,43,1777
937,127,1831,853,1663,211,1021,43,1747
937,97,1861,853,1693,181,1021,13,1777
937,547,1453,811,1201,673,1063,421,1327
937,307,1831,673,1303,571,1201,43,1567
941,521,1439,863,1283,599,1019,443,1361
941,401,1601,821,1361,521,1061,281,1481
941,389,1613,821,1373,509,1061,269,1493
941,269,1733,821,1493,389,1061,149,1613
941,431,1619,773,1283,599,1109,263,1451
947,593,1451,797,1151,743,1097,443,1301
947,443,1601,797,1301,593,1097,293,1451
953,743,1229,887,1097,809,1019,677,1163
953,743,1307,809,1019,887,1097,599,1163
953,677,1439,743,1019,887,1163,467,1229
953,617,1559,683,1019,887,1223,347,1289
953,269,1847,743,1427,479,1163,59,1637
967,337,1627,937,1567,367,997,307,1597
967,307,1657,937,1597,337,997,277,1627
967,241,1723,937,1663,271,997,211,1693
967,211,1753,937,1693,241,997,181,1723
967,181,1783,937,1723,211,997,151,1753
967,157,1861,883,1693,241,1051,73,1777
967,307,1783,811,1471,463,1123,151,1627
971,719,1433,761,1013,929,1181,509,1223
971,461,1523,929,1439,503,1013,419,1481
971,509,1493,911,1373,569,1031,449,1433
971,449,1553,911,1433,509,1031,389,1493
971,443,1559,911,1439,503,1031,383,1499
971,71,1931,911,1811,131,1031,11,1871
971,443,1709,761,1289,653,1181,233,1499
977,467,1523,941,1451,503,1013,431,1487
977,647,1523,761,1091,863,1193,431,1307
977,347,1721,863,1493,461,1091,233,1607
977,467,1607,857,1367,587,1097,347,1487
977,257,1901,773,1493,461,1181,53,1697
977,353,1901,677,1301,653,1277,53,1601
983,647,1619,683,1019,947,1283,347,1319
983,53,1949,947,1877,89,1019,17,1913
983,479,1607,863,1367,599,1103,359,1487
983,557,1709,683,1109,857,1283,257,1409
983,467,1709,773,1289,677,1193,257,1499
983,269,1907,773,1487,479,1193,59,1697
983,359,1907,683,1307,659,1283,59,1607
991,241,1873,859,1609,373,1123,109,1741
991,523,1789,661,1129,853,1321,193,1459
991,439,1873,661,1213,769,1321,109,1543
997,367,1801,823,1453,541,1171,193,1627
997,367,1933,691,1321,673,1303,61,1627
997,367,1951,673,1303,691,1321,43,1627
1009,409,1621,997,1597,421,1021,397,1609
1009,19,2011,997,1987,31,1021,7,1999
1009,397,2011,619,1231,787,1399,7,1621
1009,421,1867,739,1327,691,1279,151,1597
1009,277,2011,739,1471,547,1279,7,1741
1013,659,1637,743,1097,929,1283,389,1367
1013,503,1607,929,1439,587,1097,419,1523
1013,593,1583,863,1283,743,1163,443,1433
1013,467,1709,863,1409,617,1163,317,1559
1013,443,1733,863,1433,593,1163,293,1583
1013,443,2003,593,1163,863,1433,23,1583
1013,593,1637,809,1229,797,1217,389,1433
1019,719,1361,977,1277,761,1061,677,1319
1019,557,1901,599,1061,977,1439,137,1481
1019,149,1931,977,1847,191,1061,107,1889
1019,809,1361,887,1097,941,1151,677,1229
1019,479,1637,941,1481,557,1097,401,1559
1019,89,2027,941,1871,167,1097,11,1949
1019,227,1901,929,1721,317,1109,137,1811
1019,677,1571,809,1151,887,1229,467,1361
1019,479,1901,677,1217,821,1361,137,1559
1021,211,1861,991,1801,241,1051,181,1831
1021,421,2029,613,1213,829,1429,13,1621
1031,461,1619,1013,1583,479,1049,443,1601
1031,131,1949,1013,1913,149,1049,113,1931
1031,509,1613,971,1493,569,1091,449,1553
1031,503,1619,971,1499,563,1091,443,1559
1031,191,1931,971,1811,251,1091,131,1871
1031,761,1493,839,1109,953,1223,569,1301
1031,503,1709,881,1409,653,1181,353,1559
1031,461,1979,653,1223,839,1409,83,1601
1031,251,2003,839,1619,443,1223,59,1811
1031,443,1949,701,1289,773,1361,113,1619
1033,193,2053,853,1693,373,1213,13,1873
1033,283,1987,829,1579,487,1237,79,1783
1033,523,1789,787,1297,769,1279,277,1543
1039,619,1747,751,1171,907,1327,331,1459
1039,199,2011,907,1747,331,1171,67,1879
1039,421,1867,829,1447,631,1249,211,1657
1039,409,1879,829,1459,619,1249,199,1669
1039,619,1669,829,1249,829,1249,409,1459
1039,337,1951,829,1531,547,1249,127,1741
1039,499,1867,751,1291,787,1327,211,1579
1039,379,1951,787,1447,631,1291,127,1699
1049,461,2087,599,1187,911,1499,11,1637
1049,491,1997,659,1217,881,1439,101,1607
1049,479,1787,881,1451,647,1217,311,1619
1049,599,1709,839,1289,809,1259,389,1499
1049,251,2087,809,1607,491,1289,11,1847
1051,631,1483,1039,1459,643,1063,619,1471
1051,631,1879,643,1063,1039,1459,223,1471
1051,811,1489,853,1093,1009,1249,613,1291
1051,271,1873,1009,1789,313,1093,229,1831
1051,433,2089,631,1249,853,1471,13,1669
1061,53,2099,1031,2039,83,1091,23,2069
1061,971,1193,1019,1109,1013,1103,929,1151
1061,929,1283,971,1103,1019,1151,839,1193
1061,641,1523,1019,1439,683,1103,599,1481
1061,521,2099,563,1103,1019,1559,23,1601
1061,191,1973,1019,1889,233,1103,149,1931
1061,641,1601,941,1361,761,1181,521,1481
1061,521,1721,941,1481,641,1181,401,1601
1063,43,2113,1033,2053,73,1093,13,2083
1063,673,1789,727,1117,1009,1399,337,1453
1063,643,1669,877,1297,829,1249,457,1483
1063,457,2089,643,1249,877,1483,37,1669
1063,433,1933,823,1453,673,1303,193,1693
1063,433,2083,673,1303,823,1453,43,1693
1063,337,2029,823,1549,577,1303,97,1789
1069,859,1327,1021,1231,907,1117,811,1279
1069,709,1741,757,1117,1021,1381,397,1429
1069,337,1861,1009,1741,397,1129,277,1801
1069,709,1531,967,1327,811,1171,607,1429
1069,439,1801,967,1597,541,1171,337,1699
1069,607,1861,739,1201,937,1399,277,1531
1069,439,1831,937,1567,571,1201,307,1699
1069,139,2131,937,1867,271,1201,7,1999
1087,607,2011,643,1123,1051,1531,163,1567
1087,727,1597,937,1297,877,1237,577,1447
1087,163,2161,937,1861,313,1237,13,2011
1087,643,1741,877,1321,853,1297,433,1531
1087,433,1951,877,1531,643,1297,223,1741
1087,223,2161,877,1741,433,1297,13,1951
1087,397,2011,853,1543,631,1321,163,1777
1091,881,1439,953,1163,1019,1229,743,1301
1091,251,2141,881,1721,461,1301,41,1931
1093,883,1327,1069,1279,907,1117,859,1303
1093,733,1789,757,1117,1069,1429,397,1453
1093,463,1747,1069,1699,487,1117,439,1723
1093,757,1459,1063,1399,787,1123,727,1429
1093,73,2143,1063,2083,103,1123,43,2113
1093,463,1879,937,1567,619,1249,307,1723
1093,523,1873,883,1453,733,1303,313,1663
1093,409,1987,883,1567,619,1303,199,1777
1093,313,2083,883,1663,523,1303,103,1873
1093,313,2179,787,1567,619,1399,7,1873
1097,587,2111,593,1103,1091,1601,83,1607
1097,197,2063,1031,1931,263,1163,131,1997
1097,887,1433,971,1181,1013,1223,761,1307
1097,827,1451,1013,1283,911,1181,743,1367
1097,827,1553,911,1181,1013,1283,641,1367
1097,197,2081,1013,1913,281,1181,113,1997
1097,167,2153,971,1901,293,1223,41,2027
1097,317,2153,821,1601,593,1373,41,1877
1103,1013,1277,1019,1109,1097,1187,929,1193
1103,593,1619,1097,1607,599,1109,587,1613
1103,929,1367,1013,1187,1019,1193,839,1277
1103,599,2027,683,1187,1019,1523,179,1607
1103,887,1409,1013,1229,977,1193,797,1319
1103,683,1613,1013,1433,773,1193,593,1523
1103,509,1787,1013,1607,599,1193,419,1697
1103,227,2069,1013,1889,317,1193,137,1979
1103,719,1607,983,1367,839,1223,599,1487
1103,647,1889,773,1229,977,1433,317,1559
1103,293,2039,977,1787,419,1229,167,1913
1103,233,2099,977,1847,359,1229,107,1973
1103,773,1607,929,1259,947,1277,599,1433
1103,683,1787,839,1259,947,1367,419,1523
1103,383,2039,887,1607,599,1319,167,1823
1103,509,2027,773,1367,839,1433,179,1697
1109,521,2207,599,1187,1031,1619,11,1697
1109,269,2027,1031,1871,347,1187,191,1949
1109,179,2207,941,1871,347,1277,11,2039
1109,521,2087,719,1307,911,1499,131,1697
1117,487,1801,1063,1693,541,1171,433,1747
1117,937,1381,1033,1213,1021,1201,853,1297
1117,607,2053,691,1201,1033,1543,181,1627
1117,457,1861,1033,1693,541,1201,373,1777
1117,97,2221,1033,2053,181,1201,13,2137
1117,787,1657,907,1237,997,1327,577,1447
1117,691,1663,997,1423,811,1237,571,1543
1117,487,1867,997,1627,607,1237,367,1747
1117,577,1867,907,1447,787,1327,367,1657
1117,223,2221,907,1801,433,1327,13,2011
1117,487,2011,853,1483,751,1381,223,1747
1123,373,1879,1117,1867,379,1129,367,1873
1123,457,1879,1033,1699,547,1213,367,1789
1123,457,2089,823,1489,757,1423,157,1789
1129,769,1531,1087,1447,811,1171,727,1489
1129,769,1597,1021,1381,877,1237,661,1489
1129,499,1951,937,1567,691,1321,307,1759
1129,457,2221,709,1381,877,1549,37,1801
1129,379,2131,877,1627,631,1381,127,1879
1129,499,2029,859,1489,769,1399,229,1759
1151,191,2153,1109,2069,233,1193,149,2111
1151,683,1949,821,1289,1013,1481,353,1619
1151,401,2069,983,1733,569,1319,233,1901
1151,479,2273,701,1373,929,1601,29,1823
1151,479,2153,821,1493,809,1481,149,1823
1151,389,2243,821,1583,719,1481,59,1913
1151,401,2243,809,1559,743,1493,59,1901
1153,373,1993,1093,1873,433,1213,313,1933
1153,163,2203,1093,2083,223,1213,103,2143
1153,823,1567,1069,1399,907,1237,739,1483
1153,523,1867,1069,1699,607,1237,439,1783
1153,373,2203,883,1663,643,1423,103,1933
1153,313,2287,859,1699,607,1447,19,1993
1153,523,2083,853,1483,823,1453,223,1783
1153,523,2113,823,1453,853,1483,193,1783
1153,313,2293,853,1693,613,1453,13,1993
1163,773,1607,1109,1499,827,1217,719,1553
1163,113,2273,1103,2153,173,1223,53,2213
1163,953,1439,1097,1307,1019,1229,887,1373
1163,773,1877,839,1229,1097,1487,449,1553
1163,593,2237,659,1229,1097,1667,89,1733
1163,773,1667,1049,1439,887,1277,659,1553
1163,449,2087,953,1667,659,1373,239,1877
1163,239,2297,953,1877,449,1373,29,2087
1163,449,2267,773,1487,839,1553,59,1877
1171,601,2269,643,1213,1129,1699,73,1741
1171,541,1879,1093,1723,619,1249,463,1801
1171,601,2179,733,1303,1039,1609,163,1741
1171,541,1933,1039,1669,673,1303,409,1801
1171,331,2143,1039,1879,463,1303,199,2011
1171,313,2179,1021,1879,463,1321,163,2029
1171,181,2311,1021,2011,331,1321,31,2161
1171,601,1993,919,1489,853,1423,349,1741
1171,541,2113,859,1489,853,1483,229,1801
1181,761,1721,1061,1481,881,1301,641,1601
1181,761,1901,881,1301,1061,1481,461,1601
1181,233,2357,953,1901,461,1409,5,2129
1187,641,2243,677,1223,1151,1697,131,1733
1187,677,2111,773,1283,1091,1601,263,1697
1187,137,2333,1091,2141,233,1283,41,2237
1187,467,2081,1013,1733,641,1361,293,1907
1187,641,1973,947,1493,881,1427,401,1733
1187,347,2267,947,1787,587,1427,107,2027
1187,263,2351,947,1871,503,1427,23,2111
1187,563,2111,887,1511,863,1487,263,1811
1187,347,2333,881,1721,653,1493,41,2027
1193,233,2237,1109,2069,317,1277,149,2153
1193,173,2297,1109,2129,257,1277,89,2213
1193,89,2381,1109,2213,173,1277,5,2297
1193,863,1613,1103,1433,953,1283,773,1523
1193,677,2129,773,1289,1097,1613,257,1709
1193,773,1787,1019,1439,947,1367,599,1613
1193,653,1907,1019,1559,827,1367,479,1733
1193,599,2207,773,1367,1019,1613,179,1787
1193,479,2381,719,1433,953,1667,5,1907
1201,571,1861,1171,1801,601,1231,541,1831
1201,661,1789,1153,1693,709,1249,613,1741
1201,571,1879,1153,1783,619,1249,523,1831
1201,61,2389,1153,2293,109,1249,13,2341
1201,661,2203,739,1279,1123,1663,199,1741
1213,643,2269,727,1297,1129,1699,157,1783
1217,347,2243,1061,1931,503,1373,191,2087
1217,197,2393,1061,2081,353,1373,41,2237
1217,587,2081,983,1613,821,1451,353,1847
1217,587,2243,821,1451,983,1613,191,1847
1217,557,2141,953,1613,821,1481,293,1877
1217,557,2267,827,1487,947,1607,167,1877
1217,293,2411,947,1871,563,1487,23,2141
1217,521,2333,797,1493,941,1637,101,1913
1217,461,2393,797,1553,881,1637,41,1973
1217,431,2393,827,1613,821,1607,41,2003
1223,1013,1637,1019,1229,1217,1427,809,1433
1223,827,1979,863,1259,1187,1583,467,1619
1223,383,2099,1187,2027,419,1259,347,2063
1223,887,1619,1163,1499,947,1283,827,1559
1223,233,2273,1163,2153,293,1283,173,2213
1223,173,2333,1163,2213,233,1283,113,2273
1223,113,2393,1163,2273,173,1283,53,2333
1223,89,2417,1163,2297,149,1283,29,2357
1223,809,1847,1013,1427,1019,1433,599,1637
1223,359,2297,1013,1877,569,1433,149,2087
1223,347,2309,1013,1889,557,1433,137,2099
1223,239,2417,1013,1997,449,1433,29,2207
1223,233,2423,1013,2003,443,1433,23,2213
1223,467,2339,863,1619,827,1583,107,1979
1223,449,2357,863,1637,809,1583,89,1997
1229,971,1697,1019,1277,1181,1439,761,1487
1229,509,1997,1181,1901,557,1277,461,1949
1229,59,2447,1181,2351,107,1277,11,2399
1229,1019,1571,1097,1307,1151,1361,887,1439
1229,509,2027,1151,1871,587,1307,431,1949
1229,839,1871,977,1367,1091,1481,587,1619
1229,389,2267,1031,1871,587,1427,191,2069
1229,359,2309,1019,1889,569,1439,149,2099
1229,251,2417,1019,1997,461,1439,41,2207
1229,569,2141,977,1637,821,1481,317,1889
1229,509,2417,761,1481,977,1697,41,1949
1229,389,2441,857,1697,761,1601,17,2069
1229,431,2417,839,1637,821,1619,41,2027
1231,991,1693,1009,1249,1213,1453,769,1471
1231,601,2029,1063,1693,769,1399,433,1861
1231,241,2389,1063,2053,409,1399,73,2221
1231,661,2179,853,1423,1039,1609,283,1801
1231,631,2053,1009,1609,853,1453,409,1831
1231,433,2269,991,1789,673,1471,193,2029
1237,727,1831,1153,1663,811,1321,643,1747
1237,607,1951,1153,1783,691,1321,523,1867
1237,877,1741,1093,1453,1021,1381,733,1597
1237,607,2011,1093,1723,751,1381,463,1867
1237,457,2161,1093,1873,601,1381,313,2017
1237,691,2143,877,1423,1051,1597,331,1783
1237,457,2203,1051,1831,643,1423,271,2017
1237,607,2251,853,1483,991,1621,223,1867
1237,523,2281,907,1621,853,1567,193,1951
1249,109,2437,1201,2341,157,1297,61,2389
1249,619,2011,1117,1747,751,1381,487,1879
1249,499,2131,1117,1867,631,1381,367,1999
1249,739,2089,919,1429,1069,1579,409,1759
1249,631,2287,829,1447,1051,1669,211,1867
1249,709,1999,1039,1579,919,1459,499,1789
1249,619,2089,1039,1669,829,1459,409,1879
1249,829,1879,1039,1459,1039,1459,619,1669
1249,547,2161,1039,1741,757,1459,337,1951
1249,337,2371,1039,1951,547,1459,127,2161
1259,617,1931,1229,1871,647,1289,587,1901
1259,449,2099,1229,2039,479,1289,419,2069
1259,419,2129,1229,2069,449,1289,389,2099
1259,281,2267,1229,2207,311,1289,251,2237
1259,137,2411,1229,2351,167,1289,107,2381
1259,71,2477,1229,2417,101,1289,41,2447
1259,797,1871,1109,1571,947,1409,647,1721
1259,479,2207,1091,1871,647,1427,311,2039
1259,449,2237,1091,1901,617,1427,281,2069
1259,419,2267,1091,1931,587,1427,251,2099
1259,569,2411,797,1487,1031,1721,107,1949
1259,281,2477,1019,1997,521,1499,41,2237
1259,449,2417,911,1721,797,1607,101,2069
1259,419,2477,881,1721,797,1637,41,2099
1277,197,2441,1193,2273,281,1361,113,2357
1277,557,2087,1187,1907,647,1367,467,1997
1277,401,2243,1187,2063,491,1367,311,2153
1277,647,2441,743,1373,1181,1811,113,1907
1277,857,1871,1103,1523,1031,1451,683,1697
1277,647,2243,941,1571,983,1613,311,1907
1277,641,2243,947,1583,971,1607,311,1913
1277,347,2543,941,1871,683,1613,11,2207
1279,1087,1621,1129,1321,1237,1429,937,1471
1279,769,1831,1237,1747,811,1321,727,1789
1279,379,2221,1237,2137,421,1321,337,2179
1279,421,2287,1129,1987,571,1429,271,2137
1279,547,2221,1069,1801,757,1489,337,2011
1279,541,2287,1009,1747,811,1549,271,2017
1279,277,2551,1009,2011,547,1549,7,2281
1283,947,1949,953,1289,1277,1613,617,1619
1283,593,1997,1259,1949,617,1307,569,1973
1283,653,2003,1193,1823,743,1373,563,1913
1283,569,2087,1193,1907,659,1373,479,1997
1283,293,2543,1013,2003,563,1553,23,2273
1283,653,2213,983,1613,953,1583,353,1913
1283,593,2309,947,1637,929,1619,257,1973
1283,503,2417,929,1709,857,1637,149,2063
1289,479,2111,1277,2087,491,1301,467,2099
1289,941,1667,1259,1607,971,1319,911,1637
1289,911,1697,1259,1637,941,1319,881,1667
1289,479,2129,1259,2069,509,1319,449,2099
1289,197,2411,1259,2351,227,1319,167,2381
1289,167,2441,1259,2381,197,1319,137,2411
1289,239,2411,1217,2267,311,1361,167,2339
1289,479,2297,1091,1901,677,1487,281,2099
1289,479,2477,911,1721,857,1667,101,2099
1291,331,2341,1201,2161,421,1381,241,2251
1291,751,2203,919,1459,1123,1663,379,1831
1291,211,2539,1123,2203,379,1459,43,2371
1291,241,2539,1093,2143,439,1489,43,2341
1291,631,2203,1039,1699,883,1543,379,1951
1291,571,2269,1033,1753,829,1549,313,2011
1291,571,2473,829,1549,1033,1753,109,2011
1297,727,1951,1213,1783,811,1381,643,1867
1297,643,2521,727,1381,1213,1867,73,1951
1297,457,2221,1213,2053,541,1381,373,2137
1297,127,2551,1213,2383,211,1381,43,2467
1297,937,1783,1171,1531,1063,1423,811,1657
1297,727,1993,1171,1741,853,1423,601,1867
1297,727,2311,853,1423,1171,1741,283,1867
1297,307,2521,1063,2053,541,1531,73,2287
1301,461,2333,1109,1949,653,1493,269,2141
1301,251,2549,1103,2153,449,1499,53,2351
1301,389,2423,1091,2003,599,1511,179,2213
1301,293,2579,1031,2039,563,1571,23,2309
1303,883,1747,1279,1699,907,1327,859,1723
1303,733,2293,883,1453,1153,1723,313,1873
1303,673,2083,1153,1783,823,1453,523,1933
1303,463,2293,1153,1993,613,1453,313,2143
1303,673,2383,853,1483,1123,1753,223,1933
1303,673,2377,859,1489,1117,1747,229,1933
1303,463,2539,907,1747,859,1699,67,2143
1307,617,2357,947,1637,977,1667,257,1997
1319,599,2081,1277,1997,641,1361,557,2039
1319,239,2441,1277,2357,281,1361,197,2399
1319,107,2621,1229,2441,197,1409,17,2531
1321,271,2539,1153,2203,439,1489,103,2371
1321,691,2179,1093,1723,919,1549,463,1951
1327,277,2473,1231,2281,373,1423,181,2377
1327,307,2473,1201,2221,433,1453,181,2347
1327,571,2503,907,1663,991,1747,151,2083
1361,1151,1709,1223,1433,1289,1499,1013,1571
1361,101,2693,1289,2549,173,1433,29,2621
1361,101,2699,1283,2543,179,1439,23,2621
1361,641,2213,1229,1949,773,1493,509,2081
1361,311,2549,1223,2273,449,1499,173,2411
1361,911,2063,1109,1559,1163,1613,659,1811
1361,311,2609,1163,2213,509,1559,113,2411
1361,383,2549,1151,2129,593,1571,173,2339
1361,569,2693,821,1613,1109,1901,29,2153
1367,857,2381,863,1373,1361,1871,353,1877
1367,1223,1571,1307,1451,1283,1427,1163,1511
1367,887,1907,1307,1787,947,1427,827,1847
1367,887,2267,947,1427,1307,1787,467,1847
1367,947,2141,1013,1433,1301,1721,593,1787
1367,1097,1721,1283,1553,1181,1451,1013,1637
1367,1097,1823,1181,1451,1283,1553,911,1637
1367,257,2621,1223,2333,401,1511,113,2477
1367,383,2621,1097,2081,653,1637,113,2351
1367,467,2621,1013,1913,821,1721,113,2267
1367,491,2663,947,1823,911,1787,71,2243
1373,743,2579,797,1427,1319,1949,167,2003
1373,113,2687,1319,2579,167,1427,59,2633
1373,59,2741,1319,2633,113,1427,5,2687
1373,1049,1907,1163,1487,1259,1583,839,1697
1373,659,2687,773,1487,1259,1973,59,2087
1373,503,2357,1259,2129,617,1487,389,2243
1373,659,2267,1193,1907,839,1553,479,2087
1373,269,2657,1193,2297,449,1553,89,2477
1373,269,2687,1163,2267,479,1583,59,2477
1373,353,2657,1109,2129,617,1637,89,2393
1381,751,2089,1303,1933,829,1459,673,2011
1381,673,2719,751,1459,1303,2011,43,2089
1381,523,2389,1231,2089,673,1531,373,2239
1381,373,2539,1231,2239,523,1531,223,2389
1381,223,2689,1231,2389,373,1531,73,2539
1381,541,2389,1213,2053,709,1549,373,2221
1381,211,2719,1213,2383,379,1549,43,2551
1381,601,2389,1153,1933,829,1609,373,2161
1381,733,2389,1021,1669,1093,1741,373,2029
1381,541,2719,883,1723,1039,1879,43,2221
1381,373,2749,1021,2029,733,1741,13,2389
1399,937,2251,1009,1471,1327,1789,547,1861
1399,79,2791,1327,2647,151,1471,7,2719
1399,769,2179,1249,1879,919,1549,619,2029
1399,181,2767,1249,2467,331,1549,31,2617
1399,619,2791,787,1567,1231,2011,7,2179
1399,409,2557,1231,2221,577,1567,241,2389
1399,811,2377,1009,1597,1201,1789,421,1987
1399,769,2389,1039,1669,1129,1759,409,2029
1399,277,2791,1129,2251,547,1669,7,2521
1399,619,2557,1021,1801,997,1777,241,2179
1399,409,2767,1021,2011,787,1777,31,2389
1399,421,2767,1009,1987,811,1789,31,2377
1399,409,2791,997,1987,811,1801,7,2389
1399,487,2791,919,1831,967,1879,7,2311
1409,929,1931,1367,1847,971,1451,887,1889
1409,839,2459,929,1499,1319,1889,359,1979
1409,107,2801,1319,2621,197,1499,17,2711
1409,719,2687,821,1511,1307,1997,131,2099
1409,839,2357,1031,1601,1217,1787,461,1979
1409,509,2621,1097,1997,821,1721,197,2309
1409,509,2687,1031,1931,887,1787,131,2309
1409,479,2801,947,1877,941,1871,17,2339
1423,733,2137,1399,2089,757,1447,709,2113
1423,733,2683,853,1543,1303,1993,163,2113
1423,709,2707,853,1567,1279,1993,139,2137
1423,643,2389,1237,2017,829,1609,457,2203
1423,457,2689,1123,2089,757,1723,157,2389
1423,733,2473,1063,1753,1093,1783,373,2113
1423,733,2467,1069,1759,1087,1777,379,2113
1427,827,2081,1373,1973,881,1481,773,2027
1427,167,2753,1361,2621,233,1493,101,2687
1427,827,2153,1301,1901,953,1553,701,2027
1427,701,2753,827,1553,1301,2027,101,2153
1427,647,2333,1301,2081,773,1553,521,2207
1427,311,2753,1217,2333,521,1637,101,2543
1427,743,2351,1187,1871,983,1667,503,2111
1427,701,2393,1187,1913,941,1667,461,2153
1427,503,2591,1187,2111,743,1667,263,2351
1427,587,2663,1031,1871,983,1823,191,2267
1427,503,2801,977,1901,953,1877,53,2351
1429,577,2311,1399,2251,607,1459,547,2281
1429,211,2677,1399,2617,241,1459,181,2647
1429,181,2707,1399,2647,211,1459,151,2677
1429,727,2731,829,1531,1327,2029,127,2131
1429,109,2851,1327,2647,211,1531,7,2749
1429,199,2797,1291,2521,337,1567,61,2659
1429,727,2311,1249,1951,907,1609,547,2131
1429,307,2731,1249,2371,487,1609,127,2551
1429,241,2797,1249,2437,421,1609,61,2617
1429,769,2521,997,1657,1201,1861,337,2089
1433,1367,1559,1373,1439,1427,1493,1307,1499
1433,173,2699,1427,2687,179,1439,167,2693
1433,509,2417,1373,2297,569,1493,449,2357
1433,449,2477,1373,2357,509,1493,389,2417
1433,173,2753,1373,2633,233,1493,113,2693
1433,953,1979,1367,1847,1019,1499,887,1913
1433,443,2549,1307,2297,569,1559,317,2423
1433,317,2699,1283,2399,467,1583,167,2549
1433,659,2777,863,1637,1229,2003,89,2207
1433,593,2477,1229,2069,797,1637,389,2273
1439,797,2711,809,1451,1427,2069,167,2081
1439,179,2711,1427,2687,191,1451,167,2699
1439,521,2477,1319,2237,641,1559,401,2357
1439,137,2861,1319,2621,257,1559,17,2741
1439,269,2741,1307,2477,401,1571,137,2609
1447,733,2851,757,1471,1423,2137,43,2161
1447,1117,1987,1237,1567,1327,1657,907,1777
1447,757,2287,1297,1987,907,1597,607,2137
1447,607,2437,1297,2137,757,1597,457,2287
1447,523,2521,1297,2221,673,1597,373,2371
1447,373,2671,1297,2371,523,1597,223,2521
1447,1021,2083,1237,1663,1231,1657,811,1873
1447,547,2557,1237,2137,757,1657,337,2347
1447,337,2767,1237,2347,547,1657,127,2557
1447,877,2371,1093,1663,1231,1801,523,2017
1447,907,2281,1153,1693,1201,1741,613,1987
1447,457,2713,1171,2161,733,1723,181,2437
1447,337,2833,1171,2281,613,1723,61,2557
1447,457,2731,1153,2143,751,1741,163,2437
1447,457,2791,1093,2083,811,1801,103,2437
1447,607,2713,1021,1861,1033,1873,181,2287
1451,971,1973,1409,1889,1013,1493,929,1931
1451,521,2423,1409,2339,563,1493,479,2381
1451,311,2633,1409,2549,353,1493,269,2591
1451,839,2543,971,1583,1319,1931,359,2063
1451,1031,2141,1181,1601,1301,1721,761,1871
1451,509,2543,1301,2243,659,1601,359,2393
1451,443,2609,1301,2309,593,1601,293,2459
1451,1031,2129,1193,1613,1289,1709,773,1871
1451,929,2333,1091,1613,1289,1811,569,1973
1451,863,2459,1031,1619,1283,1871,443,2039
1451,761,2309,1283,1973,929,1619,593,2141
1451,761,2663,929,1619,1283,1973,239,2141
1451,191,2879,1283,2543,359,1619,23,2711
1451,773,2549,1031,1709,1193,1871,353,2129
1451,821,2441,1091,1721,1181,1811,461,2081
1451,761,2411,1181,1871,1031,1721,491,2141
1451,593,2897,863,1721,1181,2039,5,2309
1451,293,2879,1181,2339,563,1721,23,2609
1451,461,2801,1091,2081,821,1811,101,2441
1451,593,2729,1031,1889,1013,1871,173,2309
1451,443,2879,1031,2039,863,1871,23,2459
1453,1123,1789,1447,1777,1129,1459,1117,1783
1453,1033,2287,1039,1459,1447,1867,619,1873
1453,1123,2083,1153,1483,1423,1753,823,1783
1453,823,2683,853,1483,1423,2053,223,2083
1453,1123,1987,1249,1579,1327,1657,919,1783
1453,193,2887,1279,2539,367,1627,19,2713
1453,823,2383,1153,1783,1123,1753,523,2083
1453,523,2683,1153,2083,823,1753,223,2383
1453,523,2713,1123,2053,853,1783,193,2383
1453,439,2797,1123,2137,769,1783,109,2467
1453,619,2707,1033,1867,1039,1873,199,2287
1453,613,2713,1033,1873,1033,1873,193,2293
1459,1117,2131,1129,1471,1447,1789,787,1801
1459,1039,2287,1051,1471,1447,1867,631,1879
1459,907,2551,919,1471,1447,1999,367,2011
1459,577,2371,1429,2311,607,1489,547,2341
1459,241,2707,1429,2647,271,1489,211,2677
1459,1129,1951,1297,1627,1291,1621,967,1789
1459,919,2371,1087,1627,1291,1831,547,1999
1459,739,2347,1291,2011,907,1627,571,2179
1459,379,2707,1291,2371,547,1627,211,2539
1459,229,2857,1291,2521,397,1627,61,2689
1459,199,2887,1291,2551,367,1627,31,2719
1459,1039,2089,1249,1669,1249,1669,829,1879
1459,757,2371,1249,1951,967,1669,547,2161
1459,577,2551,1249,2131,787,1669,367,2341
1459,829,2377,1171,1801,1117,1747,541,2089
1459,631,2707,1039,1867,1051,1879,211,2287
1459,547,2791,1039,1951,967,1879,127,2371
1471,211,2749,1453,2713,229,1489,193,2731
1471,211,2803,1399,2659,283,1543,139,2731
1471,421,2671,1321,2371,571,1621,271,2521
1471,1009,2203,1201,1663,1279,1741,739,1933
1471,421,2791,1201,2251,691,1741,151,2521
1471,691,2713,1009,1789,1153,1933,229,2251
1471,673,2749,991,1789,1153,1951,193,2269
1471,601,2749,1063,1933,1009,1879,193,2341
1471,601,2803,1009,1879,1063,1933,139,2341
1481,1061,1931,1451,1871,1091,1511,1031,1901
1481,53,2939,1451,2879,83,1511,23,2909
1481,383,2699,1361,2459,503,1601,263,2579
1483,853,2659,937,1567,1399,2029,307,2113
1483,1033,2113,1303,1753,1213,1663,853,1933
1483,853,2293,1303,1933,1033,1663,673,2113
1483,349,2887,1213,2347,619,1753,79,2617
1487,1367,1613,1481,1601,1373,1493,1361,1607
1487,11,2969,1481,2957,17,1493,5,2963
1487,317,2693,1451,2621,353,1523,281,2657
1487,863,2621,977,1601,1373,1997,353,2111
1487,233,2861,1367,2621,353,1607,113,2741
1487,1061,2213,1187,1613,1361,1787,761,1913
1487,977,2381,1103,1613,1361,1871,593,1997
1487,821,2693,947,1613,1361,2027,281,2153
1487,137,2963,1361,2711,263,1613,11,2837
1487,1097,2087,1277,1667,1307,1697,887,1877
1487,977,2297,1187,1697,1277,1787,677,1997
1487,887,2297,1277,1877,1097,1697,677,2087
1487,383,2801,1277,2381,593,1697,173,2591
1487,863,2411,1187,1811,1163,1787,563,2111
1487,563,2711,1187,2111,863,1787,263,2411
1487,317,2957,1187,2357,617,1787,17,2657
1487,557,2957,947,1877,1097,2027,17,2417
1489,1279,1741,1447,1657,1321,1531,1237,1699
1489,271,2767,1429,2647,331,1549,211,2707
1489,439,2707,1321,2371,607,1657,271,2539
1489,421,2767,1279,2347,631,1699,211,2557
1493,1427,1619,1433,1499,1487,1553,1367,1559
1493,23,2969,1487,2957,29,1499,17,2963
1493,293,2753,1433,2633,353,1553,233,2693
1493,89,2957,1433,2837,149,1553,29,2897
1493,653,2399,1427,2267,719,1559,587,2333
