3433,1759,6037,2503,4177,2689,4363,829,5107
5557,3697,8161,4813,6673,4441,6301,2953,7417
5849,4547,8081,4919,6221,5477,6779,3617,7151
5849,3617,9011,4919,7151,4547,6779,2687,8081
6833,4973,9437,6089,7949,5717,7577,4229,8693
7877,4157,14387,5087,8807,6947,10667,1367,11597
7901,6599,10133,6971,8273,7529,8831,5669,9203
7927,4021,13693,6067,9973,5881,9787,2161,11833
8269,3061,16267,5479,10687,5851,11059,271,13477
8807,4157,16061,6203,10853,6761,11411,1553,13457
8837,5861,12743,7907,10883,6791,9767,4931,11813
9173,3593,17729,6197,11777,6569,12149,617,14753
9433,4783,17989,5527,10177,8689,13339,877,14083
9623,4229,17807,6833,12227,7019,12413,1439,15017
9677,2237,18047,8747,16187,3167,10607,1307,17117
9829,5179,17827,6481,11131,8527,13177,1831,14479
10499,2129,19427,9941,18311,2687,11057,1571,18869
10597,4831,18223,8737,14503,6691,12457,2971,16363
10853,7877,14759,9923,12899,8807,11783,6947,13829
11149,4639,21751,7057,13567,8731,15241,547,17659
11411,6203,21269,6761,11969,10853,16061,1553,16619
11731,5779,19543,9871,15823,7639,13591,3919,17683
11807,8087,18131,9203,12923,10691,14411,5483,15527
11833,7927,17599,9973,13879,9787,13693,6067,15739
11939,4127,21611,10079,17891,5987,13799,2267,19751
12011,5501,21683,8849,15359,8663,15173,2339,18521
12401,6263,19469,11471,17609,7193,13331,5333,18539
12527,2111,23873,11597,22013,3041,13457,1181,22943
12547,8641,18313,10687,14593,10501,14407,6781,16453
12959,5147,23561,10169,17981,7937,15749,2357,20771
13219,8941,18427,12289,16567,9871,14149,8011,17497
13417,6907,21601,11743,18253,8581,15091,5233,19927
13469,5099,26489,8819,17189,9749,18119,449,21839
13669,5857,27061,8089,15901,11437,19249,277,21481
13799,8219,20681,12497,18077,9521,15101,6917,19379
13807,6367,24781,10273,17713,9901,17341,2833,21247
14347,3931,25693,13417,23833,4861,15277,3001,24763
15061,7621,29383,8179,15619,14503,21943,739,22501
15077,10613,21401,13217,17681,12473,16937,8753,19541
15131,2111,29453,13829,26849,3413,16433,809,28151
15319,6577,29641,9739,18481,12157,20899,997,24061
16187,8747,29207,10607,18047,14327,21767,3167,23627
16189,3169,29581,15817,28837,3541,16561,2797,29209
16193,7079,29027,12473,21587,10799,19913,3359,25307
16229,7487,31481,9719,18461,13997,22739,977,24971
16231,9721,28879,10093,16603,15859,22369,3583,22741
16447,6961,31513,10867,20353,12541,22027,1381,25933
16451,9941,24821,14591,21101,11801,18311,8081,22961
16451,8081,26681,14591,22961,9941,18311,6221,24821
16453,3433,31147,14779,27799,5107,18127,1759,29473
16453,2503,32077,14779,28729,4177,18127,829,30403
16661,8291,30983,10709,19079,14243,22613,2339,25031
16921,2971,32173,15619,29569,4273,18223,1669,30871
16963,8779,31657,10453,18637,15289,23473,2269,25147
17191,15331,20353,15889,17749,16633,18493,14029,19051
17377,8821,32443,10867,19423,15331,23887,2311,25933
17383,5479,32077,14593,26497,8269,20173,2689,29287
17483,10973,29573,11903,18413,16553,23063,5393,23993
17497,10987,26053,15451,21961,13033,19543,8941,24007
17509,5419,34807,12301,24391,10627,22717,211,29599
17569,5851,32077,14779,26497,8641,20359,3061,29287
17573,9203,28547,14969,23339,11807,20177,6599,25943
17623,12043,24133,16693,22273,12973,18553,11113,23203
17659,11149,28447,13381,19891,15427,21937,6871,24169
17989,7759,33427,12781,23011,12967,23197,2551,28219
18127,4177,33751,16453,30403,5851,19801,2503,32077
18229,7069,31249,16369,27529,8929,20089,5209,29389
18289,11779,27031,16057,22567,14011,20521,9547,24799
18301,10861,30949,13093,20533,16069,23509,5653,25741
18311,8081,35051,11801,22031,14591,24821,1571,28541
18313,2689,35797,16453,32077,4549,20173,829,33937
18379,10939,31957,12241,19681,17077,24517,4801,25819
18379,7591,36607,10939,21727,15031,25819,151,29167
18379,6661,34747,13729,25447,11311,23029,2011,30097
18413,11903,25667,17669,24179,12647,19157,11159,24923
18413,7253,36083,11903,23063,13763,24923,743,29573
18451,3571,36493,15289,30169,6733,21613,409,33331
18713,11087,29129,15923,23549,13877,21503,8297,26339
18869,10499,35051,11057,19427,18311,26681,2687,27239
18911,1613,37139,17981,35279,2543,19841,683,36209
18959,11519,32537,12821,20261,17657,25097,5381,26399
18973,14323,26227,16369,21019,16927,21577,11719,23623
18979,4657,37021,15259,29581,8377,22699,937,33301
19121,14843,24329,18191,22469,15773,20051,13913,23399
19139,4817,36251,16349,30671,7607,21929,2027,33461
19237,15331,25933,16447,20353,18121,22027,12541,23143
19373,9887,36299,11933,21419,17327,26813,2447,28859
19381,6361,34819,16963,29983,8779,21799,3943,32401
19381,6361,36493,15289,28309,10453,23473,2269,32401
19387,7297,33151,17713,29803,8971,21061,5623,31477
19421,6959,38393,12911,25373,13469,25931,449,31883
19429,11617,33751,12919,20731,18127,25939,5107,27241
19469,5147,37511,15749,30071,8867,23189,1427,33791
19507,5557,36061,16903,30853,8161,22111,2953,33457
19541,7823,38699,12101,23819,15263,26981,383,31259
19609,13099,28351,17377,23887,15331,21841,10867,26119
19699,2029,38671,18397,36067,3331,21001,727,37369
19739,13229,30341,15647,22157,17321,23831,9137,26249
19889,17099,23981,18587,21377,18401,21191,15797,22679
19919,6899,37217,15641,28661,11177,24197,2621,32939
19927,13417,28111,18253,24763,15091,21601,11743,26437
19961,6011,38189,15683,29633,10289,24239,1733,33911
19979,5657,36161,18119,32441,7517,21839,3797,34301
19979,6959,39509,13469,26489,13469,26489,449,32999
19993,3067,39709,17203,34129,5857,22783,277,36919
20063,13553,27689,18947,25457,14669,21179,12437,26573
20183,17393,23159,19997,22787,17579,20369,17207,22973
20287,9871,32563,18427,28843,11731,22147,8011,30703
20323,10093,36877,13999,24229,16417,26647,3769,30553
20333,8243,35027,17729,29819,10847,22937,5639,32423
20359,8641,37657,14779,26497,14221,25939,3061,32077
20443,12073,35323,13933,22303,18583,26953,5563,28813
20593,7573,40123,14083,27103,14083,27103,1063,33613
20627,5003,39041,17837,33461,7793,23417,2213,36251
20731,11059,36913,14221,23893,17569,27241,4549,30403
20753,4943,40283,17033,32843,8663,24473,1223,36563
20771,19469,23003,19841,21143,20399,21701,18539,22073
20857,14347,28297,19927,26437,15277,21787,13417,27367
20857,13417,34807,14347,21787,19927,27367,6907,28297
20873,7853,38543,16223,29243,12503,25523,3203,33893
20899,12157,35221,15319,24061,17737,26479,6577,29641
20899,6577,40801,15319,29641,12157,26479,997,35221
20981,5171,41813,15959,31769,10193,26003,149,36791
20983,8893,36979,17077,29167,12799,24889,4987,33073
20983,8893,41257,12799,24889,17077,29167,709,33073
21089,10859,36527,15881,26111,16067,26297,5651,31319
21143,12959,35837,14633,22817,19469,27653,6449,29327
21191,12263,32909,18401,27329,15053,23981,9473,30119
21227,8951,40013,14717,26993,15461,27737,2441,33503
21269,6947,40241,16619,30941,11597,25919,2297,35591
21599,3371,41687,19739,37967,5231,23459,1511,39827
21767,12653,39251,13397,22511,21023,30137,4283,30881
21773,15263,32933,17123,23633,19913,26423,10613,28283
21799,11941,38167,15289,25147,18451,28309,5431,31657
21841,11239,38953,15331,25933,17749,28351,4729,32443
21881,2351,43271,20021,39551,4211,23741,491,41411
21929,11699,33647,20441,30671,13187,23417,10211,32159
22037,12923,35801,17387,26501,17573,26687,8273,31151
22111,6673,44059,15601,31039,13183,28621,163,37549
22147,13591,32563,20287,28843,15451,24007,11731,30703
22159,3559,41131,21787,40387,3931,22531,3187,40759
22349,12119,41879,13049,23279,21419,31649,2819,32579
22367,2837,44501,19763,39293,5441,24971,233,41897
22391,8069,40433,18671,32993,11789,26111,4349,36713
22637,7013,44771,16127,31751,13523,29147,503,38261
22679,18959,27701,21377,25097,20261,23981,17657,26399
22739,9719,40037,18461,31481,13997,27017,5441,35759
22739,9719,44501,13997,27017,18461,31481,977,35759
22877,7253,42221,19157,34781,10973,26597,3533,38501
22943,9923,45077,13829,26849,19037,32057,809,35963
22943,9923,42473,16433,29453,16433,29453,3413,35963
23029,6661,41257,21169,37537,8521,24889,4801,39397
23063,16553,35153,17483,23993,22133,28643,10973,29573
23071,8563,44089,16561,31069,15073,29581,2053,37579
23159,13487,39341,16649,26321,19997,29669,6977,32831
23197,10177,38821,20593,33613,12781,25801,7573,36217
23227,5557,41641,22483,40153,6301,23971,4813,40897
23399,5171,42557,22469,40697,6101,24329,4241,41627
23473,16963,31657,21799,28309,18637,25147,15289,29983
23473,15289,38167,16963,25147,21799,29983,8779,31657
23473,10453,43003,16963,29983,16963,29983,3943,36493
23531,12743,41759,16091,26879,20183,30971,5303,34319
23663,3203,46727,21059,41519,5807,26267,599,44123
23747,20771,27653,22817,25793,21701,24677,19841,26723
23767,17443,33811,20047,26371,21163,27487,13723,30091
23773,10753,38839,21727,34747,12799,25819,8707,36793
23869,4339,44887,22381,41911,5827,25357,2851,43399
23869,8059,44887,18661,34471,13267,29077,2851,39679
23911,10891,47161,13681,26701,21121,34141,661,36931
23917,13687,39541,18523,28753,19081,29311,8293,34147
23957,10007,42743,19121,33071,14843,28793,5171,37907
23957,10007,46091,15773,29723,18191,32141,1823,37907
23981,15053,39419,17471,26399,21563,30491,8543,32909
24049,17539,30931,23677,30187,17911,24421,17167,30559
24049,17167,37441,17539,24421,23677,30559,10657,30931
24071,12539,45833,13841,25373,22769,34301,2309,35603
24097,4567,47161,20563,40093,8101,27631,1033,43627
24137,15767,39761,16883,25253,23021,31391,8513,32507
24137,6653,43481,22277,39761,8513,25997,4793,41621
24169,11149,41467,19891,32911,15427,28447,6871,37189
24317,7577,43661,21713,38453,10181,26921,4973,41057
24329,6659,47207,19121,36791,11867,29537,1451,41999
24407,7481,44123,21617,38543,10271,27197,4691,41333
24413,5813,46919,20507,39107,9719,28319,1907,43013
24509,11489,48131,13907,26927,22091,35111,887,37529
24517,11497,38281,23773,36793,12241,25261,10753,37537
24671,20393,29879,23741,28019,21323,25601,19463,28949
24763,20857,29599,23833,27739,21787,25693,19927,28669
25013,9203,43427,22409,38219,11807,27617,6599,40823
25031,18521,37493,19079,25589,24473,30983,12569,31541
25087,2953,49081,23227,45361,4813,26947,1093,47221
25087,5557,47221,22483,42013,8161,27691,2953,44617
25097,15053,41651,18587,28631,21563,31607,8543,35141
25097,14867,42023,18401,28631,21563,31793,8171,35327
25147,16963,39841,18637,26821,23473,31657,10453,33331
25147,10453,46351,18637,33331,16963,31657,3943,39841
25153,6553,47659,21247,39847,10459,29059,2647,43753
25171,5641,47491,22381,41911,8431,27961,2851,44701
25247,9437,43661,22643,38453,12041,27851,6833,41057
25247,4787,49613,21341,41801,8693,29153,881,45707
25307,9497,50417,16007,31817,18797,34607,197,41117
25309,5779,50047,20101,39631,10987,30517,571,44839
25447,15031,46093,15217,25633,25261,35677,4801,35863
25447,8521,46093,21727,38653,12241,29167,4801,42373
25537,7867,47857,20887,38557,12517,30187,3217,43207
25579,17581,40087,19069,27067,24091,32089,11071,33577
25579,9397,48271,19069,35251,15907,32089,2887,41761
25621,13903,47569,15391,27109,24133,35851,3673,37339
25673,16187,41669,19163,28649,22697,32183,9677,35159
25673,9677,48179,19163,35159,16187,32183,3167,41669
25693,19183,37039,20857,27367,24019,30529,14347,32203
25741,15139,42853,19231,29833,21649,32251,8629,36343
25747,19051,38953,19237,25933,25561,32257,12541,32443
25747,4357,49741,23143,44533,6961,28351,1753,47137
25771,13681,39163,24469,36559,14983,27073,12379,37861
25847,5387,47237,24917,45377,6317,26777,4457,46307
25903,6373,47293,24043,43573,8233,27763,4513,45433
25931,19421,38393,19979,26489,25373,31883,13469,32441
25933,19423,38767,19609,26119,25747,32257,13099,32443
25939,12919,46771,18127,31147,20731,33751,5107,38959
25943,2693,51797,23339,46589,5297,28547,89,49193
26003,6473,49253,22283,41813,10193,29723,2753,45533
26021,13001,47969,17093,30113,21929,34949,4073,39041
26111,6581,50849,20903,40433,11789,31319,1373,45641
26113,13093,47317,17929,30949,21277,34297,4909,39133
26177,1811,51473,25247,49613,2741,27107,881,50543
26267,4877,50261,23663,45053,7481,28871,2273,47657
26297,16067,40433,22391,32621,19973,30203,12161,36527
26357,16127,41981,20963,31193,21521,31751,10733,36587
26357,6827,52583,19661,39191,13523,33053,131,45887
26387,18947,37361,22853,30293,22481,29921,15413,33827
26399,22679,32537,23981,27701,25097,28817,20261,30119
26399,19889,34211,25097,31607,21191,27701,18587,32909
26399,19889,35327,23981,30491,22307,28817,17471,32909
26399,17471,39047,22679,31607,21191,30119,13751,35327
26407,12457,48541,18223,32173,20641,34591,4273,40357
26459,8231,51197,19949,38177,14741,32969,1721,44687
26479,14947,40801,23689,35221,17737,29269,12157,38011
26479,12157,46381,20899,35221,17737,32059,6577,40801
26489,15329,44159,19979,31139,21839,32999,8819,37649
26539,10729,48859,20029,35839,17239,33049,4219,42349
26647,13627,42457,23857,36877,16417,29437,10837,39667
26647,16417,43201,20323,30553,22741,32971,10093,36877
26699,13121,48647,18329,31907,21491,35069,4751,40277
26849,6389,52889,21269,41729,11969,32429,809,47309
26863,1753,52903,25933,51043,2683,27793,823,51973
26893,16477,40099,24103,34519,19267,29683,13687,37309
26947,7417,48337,25087,44617,9277,28807,5557,46477
26959,15241,48907,16729,28447,25471,37189,5011,38677
27017,10091,48593,22367,39293,14741,31667,5441,43943
27103,14083,46633,20593,33613,20593,33613,7573,40123
27191,13241,42443,25889,39839,14543,28493,11939,41141
27271,16111,44383,21319,32479,22063,33223,10159,38431
27277,4957,53503,23371,45691,8863,31183,1051,49597
27509,14489,45179,22859,35879,19139,32159,9839,40529
27617,20921,40823,21107,27803,27431,34127,14411,34313
27617,17387,44543,20921,31151,24083,34313,10691,37847
27617,10691,54773,17387,34313,20921,37847,461,44543
27631,17401,41953,23539,33769,21493,31723,13309,37861
27631,13309,52183,17401,31723,23539,37861,3079,41953
27631,10891,54601,17401,34141,21121,37861,661,44371
27697,10771,53923,18397,35323,20071,36997,1471,44623
27763,10093,51199,21997,39667,15859,33529,4327,45433
27773,12149,55487,15683,31307,24239,39863,59,43397
27779,6389,54377,22571,43961,11597,32987,1181,49169
27799,5479,51421,26497,48817,6781,29101,4177,50119
27847,14083,54631,14827,28591,27103,40867,1063,41611
27883,10957,52249,20443,37369,18397,35323,3517,44809
27919,1879,54517,27361,53401,2437,28477,1321,53959
28123,14173,54163,16033,29983,26263,40213,2083,42073
28181,20369,38783,25391,33203,23159,30971,17579,35993
28229,24137,35111,25439,29531,26927,31019,21347,32321
28319,9719,55661,19577,38177,18461,37061,977,46919
28351,8821,54949,21283,40813,15889,35419,1753,47881
28447,15427,44257,25657,38677,18217,31237,12637,41467
28493,15473,50069,19937,32957,24029,37049,6917,41513
28537,16447,44533,24631,36721,20353,32443,12541,40627
28541,3803,56999,24821,49559,7523,32261,83,53279
28547,5297,54401,25943,49193,7901,31151,2693,51797
28579,4957,55921,24859,48481,8677,32299,1237,52201
28607,14657,52973,18191,32141,25073,39023,4241,42557
28621,8161,56893,20809,41269,15973,36433,349,49081
28643,7253,54497,24179,45569,11717,33107,2789,50033
28657,10987,57301,17683,35353,21961,39631,13,46327
28723,25933,31699,28537,31327,26119,28909,25747,31513
28723,18493,39139,28537,38767,18679,28909,18307,38953
28789,2749,56131,27487,53527,4051,30091,1447,54829
28793,15773,54647,15959,28979,28607,41627,2939,41813
28817,18587,42767,25097,35327,22307,32537,14867,39047
28867,9337,53791,23473,43003,14731,34261,3943,48397
28949,9419,55547,21881,41411,16487,36017,2351,48479
28961,14639,55373,16871,31193,26729,41051,2549,43283
28961,9431,57791,19661,39191,18731,38261,131,48491
29063,19949,41897,25343,34457,23669,32783,16229,38177
29063,9533,57149,20507,40037,18089,37619,977,48593
29209,3169,55621,28837,54877,3541,29581,2797,55249
29209,3169,56179,28279,54319,4099,30139,2239,55249
29209,4099,58411,25117,50227,8191,33301,7,54319
29269,14947,46381,26479,40801,17737,32059,12157,43591
29311,20011,42703,25219,34519,24103,33403,15919,38611
29333,13337,50909,23753,39749,18917,34913,7757,45329
29387,11717,58031,18413,36083,22691,40361,743,47057
29399,14519,55997,17681,32561,26237,41117,2801,44279
29443,8053,52879,27397,48787,10099,31489,6007,50833
29453,16433,45077,26849,39869,19037,32057,13829,42473
29531,12791,50363,25439,42179,16883,33623,8699,46271
29537,19121,40883,28607,39023,20051,30467,18191,39953
29567,6131,57653,24917,48353,10781,34217,1481,53003
29573,19157,46499,23063,33479,25667,36083,12647,39989
29633,3779,59207,25913,51767,7499,33353,59,55487
29671,7351,55711,25951,48271,11071,33391,3631,51991
29789,12491,53597,23279,40577,19001,36299,5981,47087
29867,14057,58511,17033,32843,26891,42701,1223,45677
29959,12289,57301,20287,37957,21961,39631,2617,47629
29983,23473,38167,28309,34819,25147,31657,21799,36493
29983,19753,43933,26263,36493,23473,33703,16033,40213
30097,10567,51673,28051,47581,12613,32143,8521,49627
30113,17093,45737,27509,40529,19697,32717,14489,43133
30119,23609,41651,25097,31607,28631,35141,18587,36629
30139,4099,56737,29581,55621,4657,30697,3541,56179
30139,937,60271,29209,58411,1867,31069,7,59341
30161,13421,57503,19559,36299,24023,40763,2819,46901
30211,14401,60343,15889,31699,28723,44533,79,46021
30223,6043,58309,26317,50497,9949,34129,2137,54403
30241,18523,52189,20011,31729,28753,40471,8293,41959
30241,14431,60373,15919,31729,28753,44563,109,46051
30271,7393,59659,23761,46639,13903,36781,883,53149
30427,21313,45121,24847,33961,26893,36007,15733,39541
30449,9059,56489,25799,47189,13709,35099,4409,51839
30467,20981,40883,29537,39023,21911,31397,20051,39953
30467,20051,41813,29537,39953,20981,31397,19121,40883
30467,19121,42743,29537,40883,20051,31397,18191,41813
30467,20051,42743,28607,39023,21911,32327,18191,40883
30497,13757,50957,26777,43517,17477,34217,10037,47237
30559,17539,43951,30187,43207,17911,30931,17167,43579
30559,17539,50461,23677,36697,24421,37441,10657,43579
30577,19417,52153,20161,31321,29833,40993,9001,41737
30593,17573,53657,20549,33569,27617,40637,7529,43613
30671,25463,36809,29741,34949,26393,31601,24533,35879
30677,15053,58391,18587,34211,27143,42767,2963,46301
30757,2857,60703,28711,56611,4903,32803,811,58657
30781,11251,55333,25759,45289,16273,35803,6229,50311
30829,11299,57427,23761,43291,18367,37897,4231,50359
30839,18749,50741,23027,35117,26561,38651,10937,42929
30881,12281,49853,30509,49109,12653,31253,11909,49481
30977,17027,57947,17957,31907,30047,43997,4007,44927
31013,12413,51287,29339,47939,14087,32687,10739,49613
31019,28229,35111,29717,32507,29531,32321,26927,33809
31081,13411,53401,26431,44101,18061,35731,8761,48751
31147,12547,53653,27241,45841,16453,35053,8641,49747
31159,16651,55897,20929,35437,26881,41389,6421,45667
31177,9787,56473,27271,48661,13693,35083,5881,52567
31181,16301,52571,24671,39551,22811,37691,9791,46061
31189,5521,57787,30259,55927,6451,32119,4591,56857
31219,16339,49261,28057,42937,19501,34381,13177,46099
31253,18233,49853,25673,38693,23813,36833,12653,44273
31259,10799,55997,26981,47441,15077,35537,6521,51719
31319,21089,46757,26111,36341,26297,36527,15881,41549
31319,9929,57917,26111,47501,15137,36527,4721,52709
31333,3433,61837,28729,56629,6037,33937,829,59233
31337,5483,59981,28547,54401,8273,34127,2693,57191
31379,21149,44027,28961,39191,23567,33797,18731,41609
31379,2549,62627,28961,57791,4967,33797,131,60209
31387,14461,58543,21157,38083,24691,41617,4231,48313
31397,20981,42743,30467,40883,21911,32327,20051,41813
31397,1451,62273,30467,60413,2381,32327,521,61343
31469,20681,47837,25889,36677,26261,37049,15101,42257
31489,23677,41161,29629,37441,25537,33349,21817,39301
31531,23719,41203,29671,37483,25579,33391,21859,39343
31531,11071,56269,27253,47713,15349,35809,6793,51991
31547,11831,54983,27827,47543,15551,35267,8111,51263
31547,9413,62981,22247,44381,18713,40847,113,53681
31649,10631,55457,28859,49877,13421,34439,7841,52667
31657,25147,39841,29983,36493,26821,33331,23473,38167
31657,23473,46351,25147,33331,29983,38167,16963,39841
31657,16963,52861,25147,39841,23473,38167,10453,46351
31657,15661,54163,25147,41143,22171,38167,9151,47653
31687,15877,51217,27967,43777,19597,35407,12157,47497
31721,11261,59621,24281,44741,18701,39161,3821,52181
31751,5711,59093,30449,56489,7013,33053,4409,57791
31771,21169,46093,28051,38653,24889,35491,17449,42373
31799,12269,63419,19709,39239,24359,43889,179,51329
31907,12377,62597,20747,40277,23537,43067,1217,51437
31957,28051,38653,29167,33073,30841,34747,25261,35863
31957,15031,59113,21727,38653,25261,42187,4801,48883
32027,15287,59183,21611,38351,25703,42443,4871,48767
32051,21821,44699,29633,39863,24239,34469,19403,42281
32051,21821,50093,24239,34469,29633,39863,14009,42281
32059,20341,52147,23689,35407,28711,40429,11971,43777
32077,16453,61651,18127,33751,30403,46027,2503,47701
32099,18149,51257,26891,40841,23357,37307,12941,46049
32159,19139,56711,20627,33647,30671,43691,7607,45179
32159,23789,45179,27509,35879,28439,36809,19139,40529
32183,22697,48179,25673,35159,29207,38693,16187,41669
32213,10079,58067,28493,50627,13799,35933,6359,54347
32233,12889,54367,29443,48787,15679,35023,10099,51577
32359,17851,57097,22129,36637,28081,42589,7621,46867
32479,14251,59077,24109,42337,22621,40849,5881,50707
32497,12967,59467,25057,44587,20407,39937,5527,52027
32503,18367,59659,19483,33619,31387,45523,5347,46639
32507,17627,61151,18743,33623,31391,46271,3863,47387
32507,11117,61151,25253,46643,18371,39761,3863,53897
32573,16763,53777,27179,42989,22157,37967,11369,48383
32587,10453,58441,28867,51001,14173,36307,6733,54721
32609,12149,54371,31307,51767,13451,33911,10847,53069
32609,12149,63857,21821,42281,22937,43397,1361,53069
32621,14951,51593,31319,48989,16253,33923,13649,50291
32717,17093,57641,23417,39041,26393,42017,7793,48341
32719,18397,53551,26209,40531,24907,39229,11887,47041
32749,8011,64927,25309,50047,15451,40189,571,57487
32831,20369,51803,26321,38783,26879,39341,13859,45293
32831,13859,58313,26321,45293,20369,39341,7349,51803
32843,2153,65393,30983,61673,4013,34703,293,63533
32917,12457,56911,29383,49843,15991,36451,8923,53377
32933,19913,51347,27539,40559,25307,38327,14519,45953
32941,11551,59539,27733,49123,16759,38149,6343,54331
32987,11597,64793,22571,43961,22013,43403,1181,54377
32999,21839,48809,28349,39509,26489,37649,17189,44159
33073,19867,55579,23773,36979,29167,42373,10567,46279
33083,10949,65447,22853,44987,21179,43313,719,55217
33091,18583,57829,22861,37369,28813,43321,8353,47599
33223,7369,65587,26713,52567,13879,39733,859,59077
33311,18803,58049,23081,37589,29033,43541,8573,47819
33311,11549,61583,26801,48563,18059,39821,5039,55073
33317,18251,61403,20297,35363,31271,46337,5231,48383
33353,19403,56417,24239,38189,28517,42467,10289,47303
33391,25579,47713,26881,34693,32089,39901,19069,41203
33403,11827,59629,28753,50329,16477,38053,7177,54979
33521,19013,54539,27011,41519,25523,40031,12503,48029
33623,16883,63197,20789,37529,29717,46457,4049,50363
33713,12323,65519,23297,44687,22739,44129,1907,55103
33797,8501,63743,29147,54443,13151,38447,3851,59093
33857,23627,49481,28463,38693,29021,39251,18233,44087
33863,28283,44279,29027,34607,33119,38699,23447,39443
33961,15733,64279,21871,40099,27823,46051,3643,52189
33967,4951,63913,33037,62053,5881,34897,4021,62983
33967,17041,62053,22807,39733,28201,45127,5881,50893
33997,16141,58363,27487,45343,22651,40507,9631,51853
34031,2411,67883,31799,63419,4643,36263,179,65651
34127,8087,60353,33941,59981,8273,34313,7901,60167
34183,17257,63199,22093,39019,29347,46273,5167,51109
34253,24023,47087,31649,41879,26627,36857,21419,44483
34261,27751,46723,28309,34819,33703,40213,21799,40771
34261,21799,53233,27751,40213,28309,40771,15289,46723
34261,15661,64951,22171,40771,27751,46351,3571,52861
34261,15289,59743,27751,46723,21799,40771,8779,53233
34267,18457,63097,21247,37057,31477,47287,5437,50077
34297,19231,62383,21277,36343,32251,47317,6211,49363
34297,9187,62383,31321,56431,12163,37273,6211,59407
34301,14771,55691,32441,51971,16631,36161,12911,53831
34361,14831,65981,22271,41801,26921,46451,2741,53891
34439,20117,53411,29789,44111,24767,39089,15467,48761
34501,18691,51613,33199,49009,19993,35803,17389,50311
34513,27073,47533,28933,36373,32653,40093,21493,41953
34513,16843,65203,21493,39163,29863,47533,3823,52183
34513,21493,53113,28933,41953,27073,40093,15913,47533
34513,15913,58693,28933,47533,21493,40093,10333,53113
34537,25981,49603,28027,36583,32491,41047,19471,43093
34543,4783,68209,30637,60397,8689,38449,877,64303
34603,15073,67339,21397,40927,28279,47809,1867,54133
34607,13217,58043,32561,53951,15263,36653,11171,55997
34613,7643,64187,32009,58979,10247,37217,5039,61583
34667,24251,53453,26297,36713,32621,43037,15881,45083
34679,18311,59417,26309,42677,26681,43049,9941,51047
34687,17761,52543,33757,50683,18691,35617,16831,51613
34693,15907,66499,21673,40459,28927,47713,2887,53479
34729,18919,54631,30637,46447,23011,38821,14827,50539
34739,19301,53897,31019,46457,23021,38459,15581,50177
34757,15413,67121,21737,41081,28433,47777,2393,54101
34763,26393,50387,27509,35879,33647,42017,19139,43133
34841,10289,63113,31121,55673,14009,38561,6569,59393
34849,17551,57727,29269,46567,23131,40429,11971,52147
34871,10691,66863,27059,51239,18503,42683,2879,59051
34883,20747,62039,21863,35999,33767,47903,7727,49019
34883,21863,56087,26699,39719,30047,43067,13679,47903
35053,16453,57559,31147,49747,20359,38959,12547,53653
35099,19289,63929,22079,37889,32309,48119,6269,50909
35099,21521,53327,30449,44027,26171,39749,16871,48677
35099,13151,70067,22079,44027,26171,48119,131,57047
35111,18743,66359,20231,36599,33623,49991,3863,51479
35201,18089,55103,32411,49523,20879,37991,15299,52313
35257,15727,55717,34327,53857,16657,36187,14797,54787
35257,2707,68737,34327,66877,3637,36187,1777,67807
35279,22259,48857,34721,47741,22817,35837,21701,48299
35279,22259,49787,33791,46811,23747,36767,20771,48299
35327,25097,52253,28631,38861,31793,42023,18401,45557
35327,18401,62483,25097,42023,28631,45557,8171,52253
35353,6709,70507,28843,57487,13219,41863,199,63997
35363,3557,69029,33503,65309,5417,37223,1697,67169
35363,10067,65309,30713,56009,14717,40013,5417,60659
35363,14717,69029,22343,42989,27737,48383,1697,56009
35393,4703,67943,33533,64223,6563,37253,2843,66083
35423,26309,51977,27983,37097,33749,42863,18869,44537
35447,7547,64091,34703,62603,8291,36191,6803,63347
35521,16363,67699,22501,41659,29383,48541,3343,54679
35533,14143,71059,21397,42787,28279,49669,7,56923
35537,25307,54881,26423,36653,34421,44651,16193,45767
35543,13037,58979,34613,57119,13967,36473,12107,58049
35573,26459,51197,29063,38177,32969,42083,19949,44687
35573,19763,53987,32969,48779,22367,38177,17159,51383
35597,15881,65543,25367,45083,26111,45827,5651,55313
35803,19993,54403,33013,48823,22783,38593,17203,51613
35803,13297,71329,22783,45289,26317,48823,277,58309
35837,14633,70061,22817,44021,27653,48857,1613,57041
35851,24133,55009,28411,40129,31573,43291,16693,47569
35863,15217,66739,25633,46279,25447,46093,4987,56509
35963,29453,45077,33359,39869,32057,38567,26849,42473
36017,10163,71171,26717,52571,19463,45317,863,61871
36067,23977,51133,33091,45181,26953,39043,21001,48157
36067,15607,61363,31231,51691,20443,40903,10771,56527
36083,3533,68819,35897,68447,3719,36269,3347,68633
36097,13963,70321,24007,46141,26053,48187,1873,58231
36137,16607,72221,19583,39113,33161,52691,53,55667
36137,16607,64037,27767,47297,24977,44507,8237,55667
36161,19793,60899,27791,44159,28163,44531,11423,52529
36187,16657,62971,28933,48463,23911,43441,9403,55717
36187,13681,71713,23167,45673,26701,49207,661,58693
36241,19501,68791,20431,37171,35311,52051,3691,52981
36251,5003,70289,33461,64709,7793,39041,2213,67499
36263,10223,69557,29009,55049,17477,43517,2969,62303
36277,16747,60457,31627,51157,21397,40927,12097,55807
36277,16747,70687,21397,40927,31627,51157,1867,55807
36293,20483,55823,32573,48383,24203,40013,16763,52103
36293,16763,71633,20483,40013,32573,52103,953,55823
36343,10303,72613,26113,52153,20533,46573,73,62383
36373,19447,69109,20563,37489,35257,52183,3637,53299
36373,16843,71713,20563,40093,32653,52183,1033,55903
36389,8117,71171,29879,58151,14627,42899,1607,64661
36389,14627,71171,23369,45131,27647,49409,1607,58151
36451,15991,71233,22129,42589,30313,50773,1669,56911
36469,17497,66601,25309,44281,28657,47629,6337,55441
36541,10501,71881,27241,53281,19801,45841,1201,62581
36551,22229,56453,30971,45293,27809,42131,16649,50873
36559,18517,71341,19819,37861,35257,53299,1777,54601
36563,22613,59627,27449,41399,31727,45677,13499,50513
36637,14503,69001,26407,48541,24733,46867,4273,58771
36709,7879,66841,35407,64237,9181,38011,6577,65539
36713,30203,49547,30389,36899,36527,43037,23879,43223
36713,7883,71867,30389,59219,14207,43037,1559,65543
36721,12541,68713,28909,53089,20353,44533,4729,60901
36739,17209,65011,27997,47527,25951,45481,8467,56269
36739,17209,67057,25951,45481,27997,47527,6421,56269
36767,14633,70991,24677,46811,26723,48857,2543,58901
36781,7393,72679,30271,59659,13903,43291,883,66169
36793,19867,58369,32143,49069,24517,41443,15217,53719
36857,26627,54713,29231,39461,34253,44483,19001,47087
36857,20117,67733,22721,39461,34253,50993,5981,53597
36857,20117,61223,29231,45971,27743,44483,12491,53597
36857,14723,71081,24767,46901,26813,48947,2633,58991
36857,14723,69221,26627,48761,24953,47087,4493,58991
36887,14753,64601,31307,53441,20333,42467,9173,59021
36887,9173,70181,31307,59021,14753,42467,3593,64601
36899,21089,67217,22391,38201,35597,51407,6581,52709
36899,22391,61637,26669,41177,32621,47129,12161,51407
36899,10859,67217,32621,58661,15137,41177,6581,62939
36899,12161,71867,26669,51407,22391,47129,1931,61637
36899,12161,73727,24809,49547,24251,48989,71,61637
36913,17383,59233,34123,53653,20173,39703,14593,56443
36943,10903,71167,28759,54799,19087,45127,2719,62983
37013,17483,68633,24923,44453,29573,49103,5393,56543
37087,30577,43783,36901,43411,30763,37273,30391,43597
37117,25771,49393,36187,47533,26701,38047,24841,48463
37117,6427,71713,33211,63901,10333,41023,2521,67807
37171,7411,72139,31963,61723,12619,42379,2203,66931
37243,17713,68863,25153,44683,29803,49333,5623,56773
37379,17291,63977,30869,50957,23801,43889,10781,57467
37379,10781,70487,30869,57467,17291,43889,4271,63977
37463,6959,69827,35603,66107,8819,39323,5099,67967
37517,17987,68207,26357,45887,29147,48677,6827,57047
37619,16229,59567,37061,58451,16787,38177,15671,59009
37657,13477,72253,27241,51421,23893,48073,3061,61837
37847,22037,60167,31337,47147,28547,44357,15527,53657
37861,19819,72643,21121,39163,36559,54601,3079,55903
37907,26561,55763,31397,42743,33071,44417,20051,49253
37907,20981,60413,32327,49253,26561,43487,15401,54833
37907,15773,69341,28607,50741,25073,47207,6473,60041
37957,17497,70507,25867,46327,29587,50047,5407,58417
37967,27551,58613,27737,38153,37781,48197,17321,48383
38039,23159,56081,34877,49757,26321,41201,19997,52919
38039,15161,72077,26879,49757,26321,49199,4001,60917
38083,28597,55009,30643,40129,36037,45523,21157,47569
38113,9283,68059,36997,65827,10399,39229,8167,66943
38167,18637,61603,34261,53791,22543,42073,14731,57697
38261,28403,54629,31751,41609,34913,44771,21893,48119
38261,18731,73973,22079,41609,34913,54443,2549,57791
38273,26183,54269,34367,46457,30089,42179,22277,50363
38281,2011,76039,36793,73063,3499,39769,523,74551
38317,26041,52453,36457,48733,27901,40177,24181,50593
38329,5779,72739,36469,69019,7639,40189,3919,70879
38351,27749,52673,34631,45233,31469,42071,24029,48953
38393,19979,69827,25373,43787,32999,51413,6959,56807
38447,17987,75833,21521,41981,34913,55373,1061,58907
38651,12239,77153,26561,52973,24329,50741,149,65063
38653,12613,65809,37537,63577,13729,39769,11497,64693
38669,19139,73079,23789,43319,34019,53549,4259,58199
38671,20071,63409,32533,51133,26209,44809,13933,57271
38693,8747,74219,33113,63059,14327,44273,3167,68639
38693,21767,63059,31253,48179,29207,46133,14327,55619
38713,19183,76099,20857,40387,37039,56569,1327,58243
38729,971,77417,37799,75557,1901,39659,41,76487
38833,32323,47017,37159,43669,33997,40507,30649,45343
38851,28621,56893,31039,41269,36433,46663,20809,49081
38851,15973,68239,32341,55219,22483,45361,9463,61729
38873,12647,75329,28643,54869,22877,49103,2417,65099
38891,2621,76463,37589,73859,3923,40193,1319,75161
38891,20663,67349,28661,46889,30893,49121,10433,57119
38917,9901,68863,37987,67003,10831,39847,8971,67933
38917,7297,72211,37243,68863,8971,40591,5623,70537
38933,8243,73529,35027,65717,12149,42839,4337,69623
38971,16651,74311,25951,48271,29671,51991,3631,61291
38977,34327,48091,34513,39163,38791,43441,29863,43627
39019,7027,72871,37159,69151,8887,40879,5167,71011
39019,5167,74731,37159,71011,7027,40879,3307,72871
39019,11677,74731,30649,57991,20047,47389,3307,66361
39019,11119,75289,30649,58549,19489,47389,2749,66919
39023,15773,69899,31397,54647,23399,46649,8147,62273
39047,28631,59693,28817,39233,38861,49277,18401,49463
39047,28817,55787,32537,42767,35327,45557,22307,49277
39047,22307,62297,32537,49277,28817,45557,15797,55787
39089,24767,59921,32579,46901,31277,45599,18257,53411
39133,13093,67219,37087,63127,15139,41179,11047,65173
39133,26113,56989,34297,47317,30949,43969,21277,52153
39133,26113,60337,30949,43969,34297,47317,17929,52153
39133,13093,78193,26113,52153,26113,52153,73,65173
39139,28537,59971,28909,39511,38767,49369,18307,49741
39161,26141,59621,31721,44741,33581,46601,18701,52181
39161,18701,67061,31721,52181,26141,46601,11261,59621
39181,24859,66523,26161,40483,37879,52201,11839,53503
39181,26161,55921,35461,48481,29881,42901,22441,52201
39181,24859,57223,35461,49783,28579,42901,21139,53503
39181,21139,60943,35461,53503,24859,42901,17419,57223
39191,16871,76949,23753,46073,32309,54629,1433,61511
39313,20899,64237,32803,51217,27409,45823,14389,57727
39343,15349,69847,32833,56827,21859,45853,8839,63337
39367,26347,63361,28393,41413,37321,50341,15373,52387
39367,13327,78427,26347,52387,26347,52387,307,65407
39371,19841,60761,37511,57041,21701,41231,17981,58901
39439,29581,57667,31069,40927,37951,47809,21211,49297
39439,21211,66037,31069,49297,29581,47809,12841,57667
39439,13399,75709,29209,55249,23629,49669,3169,65479
39451,14713,74419,29221,53959,24943,49681,4483,64189
39499,9739,73351,35407,65167,13831,43591,5647,69259
39503,10859,70937,36713,65357,13649,42293,8069,68147
39503,8069,73727,36713,68147,10859,42293,5279,70937
39563,28403,52769,37517,48677,30449,41609,26357,50723
39563,24683,60209,33797,48677,30449,45329,18917,54443
39619,20089,74587,24181,43711,35527,55057,4651,59149
39619,15439,77377,26041,50221,29017,53197,1861,63799
39623,19163,76079,23627,44087,35159,55619,3167,60083
39623,23627,62129,33113,49109,30137,46133,17117,55619
39623,17117,68639,33113,55619,23627,46133,10607,62129
39667,13627,68683,36691,62731,16603,42643,10651,65707
39703,9199,78577,31333,61837,17569,48073,829,70207
39749,19289,78437,21521,41981,37517,57977,1061,60209
39749,8501,79367,31379,62627,16871,48119,131,70997
39749,13151,79367,26729,53327,26171,52769,131,66347
39769,3499,77527,38281,74551,4987,41257,2011,76039
39769,13729,77527,28051,54091,25447,51487,2011,65809
39841,11941,75553,32029,59929,19753,47653,4129,67741
39883,27793,52903,38953,51043,28723,40813,26863,51973
39929,35279,45137,39371,44021,35837,40487,34721,44579
39929,34721,49787,35279,40487,39371,44579,30071,45137
39953,13913,66923,39023,65063,14843,40883,12983,65993
39971,31601,51503,36809,45179,34763,43133,28439,48341
39971,31601,53549,34763,43133,36809,45179,26393,48341
40009,8761,76837,34429,65677,14341,45589,3181,71257
40031,27011,54539,38543,51563,28499,41519,25523,53051
40031,25523,67559,27011,41519,38543,53051,12503,54539
40037,12323,79841,27947,55661,24413,52127,233,67751
40039,25717,65521,28879,43201,36877,51199,14557,54361
40093,27073,58693,34513,47533,32653,45673,21493,53113
40129,27109,59659,33619,46639,33619,46639,20599,53149
40193,18803,80369,21407,42797,37589,58979,17,61583
40253,32069,49367,39323,47507,32999,41183,31139,48437
40351,19891,75133,26029,46489,34213,54673,5569,60811
40357,10597,76441,34033,63793,16921,46681,4273,70117
40427,7877,77813,35591,68141,12713,45263,3041,72977
40429,15319,79861,26107,51217,29641,54751,997,65539
40487,7937,76757,36767,69317,11657,44207,4217,73037
40559,26237,66041,29399,43721,37397,51719,15077,54881
40559,15077,77201,29399,54881,26237,51719,3917,66041
40627,18493,64621,38767,60901,20353,42487,16633,62761
40627,19237,74293,28351,49741,31513,52903,6961,62017
40637,31337,52727,37847,47147,34127,43427,28547,49937
40637,27617,60167,34127,47147,34127,47147,21107,53657
40697,23027,67481,31583,49253,32141,49811,13913,58367
40759,17137,74611,30529,54151,27367,50989,6907,64381
40771,21799,72763,27751,46723,34819,53791,8779,59743
40813,19609,81547,21283,42487,39139,60343,79,62017
40813,16447,77269,28723,53089,28537,52903,4357,65179
40853,16673,73589,32297,56477,25229,49409,8117,65033
40853,16673,80657,25229,49409,32297,56477,1049,65033
40867,27103,67651,27847,41611,40123,53887,14083,54631
40867,20593,74161,27847,48121,33613,53887,7573,61141
40867,14083,80671,27847,54631,27103,53887,1063,67651
40883,15773,66923,39953,65063,16703,41813,14843,65993
40883,14843,67853,39953,65993,15773,41813,13913,66923
40883,13913,79943,28793,55763,26003,52973,1823,67853
40903,23977,70849,27883,44809,36997,53923,10957,57829
40927,15817,81847,25117,50227,31627,56737,7,66037
40933,19543,72739,30517,51907,29959,51349,9127,62323
40939,14341,80557,27919,54517,27361,53959,1321,67537
40949,20117,66431,36299,57131,24767,45599,15467,61781
40973,25349,64037,33533,49157,32789,48413,17909,56597
41011,18691,73561,30781,53101,28921,51241,8461,63331
41117,15077,71807,36467,62507,19727,45767,10427,67157
41117,12473,74411,36467,65111,17123,45767,7823,69761
41143,10267,72949,40213,71089,11197,42073,9337,72019
41143,14173,72949,36307,63277,19009,45979,9337,68113
41183,9749,75407,38393,69827,12539,43973,6959,72617
41231,23561,70061,30071,47741,34721,52391,12401,58901
41231,28211,60761,34721,47741,34721,47741,21701,54251
41243,19853,79559,24317,45707,36779,58169,2927,62633
41243,21713,68399,33617,53147,29339,48869,14087,60773
41269,20809,74377,28621,49081,33457,53917,8161,61729
41281,21751,70111,31981,51511,31051,50581,12451,60811
41341,32971,56779,34273,42643,40039,48409,25903,49711
41351,31121,53069,39863,50093,32609,42839,29633,51581
41351,29633,63299,31121,42839,39863,51581,19403,53069
41351,19403,73529,31121,53069,29633,51581,9173,63299
41357,6947,81533,35591,70001,12713,47123,1181,75767
41381,13109,77093,33941,62213,20549,48821,5669,69653
41411,25601,65033,33599,49409,33413,49223,17789,57221
41443,16333,71389,36607,61717,21169,46279,11497,66553
41479,20089,81097,23251,44641,38317,59707,1861,62869
41521,9901,74071,40591,72211,10831,42451,8971,73141
41521,21991,65701,36871,56401,26641,46171,17341,61051
41521,21061,73699,29803,50263,32779,53239,9343,61981
41549,10301,77447,36899,68147,14951,46199,5651,72797
41621,22091,70079,32693,52223,31019,50549,13163,61151
41669,11909,73847,39251,69011,14327,44087,9491,71429
41669,7817,82031,35159,69011,14327,48179,1307,75521
41669,17117,75521,32369,56921,26417,50969,7817,66221
41719,15679,78919,30559,56599,26839,52879,4519,67759
41737,12721,78193,34297,63313,20161,49177,5281,70753
41759,6977,77471,40829,75611,7907,42689,6047,76541
41777,24107,65213,36011,53681,29873,47543,18341,59447
41801,14831,83093,27479,54449,29153,56123,509,68771
41887,29611,65323,30727,43003,40771,53047,18451,54163
41887,11197,77041,37423,68113,15661,46351,6733,72577
41927,15887,75407,34487,60527,23327,49367,8447,67967
41981,19661,82529,23753,46073,37889,60209,1433,64301
42019,26209,62851,36997,52807,31231,47041,21187,57829
42071,27191,66809,32213,47093,37049,51929,17333,56951
42073,16033,73693,36493,62533,21613,47653,10453,68113
42073,16033,83737,26449,52489,31657,57697,409,68113
42083,29063,64217,32969,45989,38177,51197,19949,55103
42089,12329,75941,37997,67757,16421,46181,8237,71849
42193,18013,79393,29173,53353,31033,55213,4993,66373
42221,22691,68633,35339,54869,29573,49103,15809,61751
42323,11633,73757,41579,72269,12377,43067,10889,73013
42323,23909,73757,29303,47717,36929,55343,10889,60737
42391,21001,70849,35323,56713,28069,49459,13933,63781
42407,19157,81281,26783,50033,34781,58031,3533,65657
42409,15439,83701,28087,55057,29761,56731,1117,69379
42443,20123,76667,30539,52859,32027,54347,8219,64763
42557,19121,66923,41627,65063,20051,43487,18191,65993
42643,26833,61057,40039,55849,29437,45247,24229,58453
42667,19231,67033,41737,65173,20161,43597,18301,66103
42683,20549,82487,25013,47147,38219,60353,2879,64817
42683,9203,84347,34499,67979,17387,50867,1019,76163
42697,16657,69481,41953,67993,17401,43441,15913,68737
42709,27271,67447,33409,48847,36571,52009,17971,58147
42727,10177,77137,40867,73417,12037,44587,8317,75277
42773,10223,78857,39239,71789,13757,46307,6689,75323
42839,3779,85619,39119,78179,7499,46559,59,81899
42899,8117,84191,36389,71171,14627,49409,1607,77681
42901,29881,63361,35461,48481,37321,50341,22441,55921
42979,25309,63997,39631,57301,28657,46327,21961,60649
42989,6719,84467,37781,74051,11927,48197,1511,79259
43037,16811,75773,36527,62753,23321,49547,10301,69263
43037,12347,84701,32063,62753,23321,54011,1373,73727
43049,9941,78017,41189,74297,11801,44909,8081,76157
43063,21673,74869,32647,54037,32089,53479,11257,64453
43117,32143,60601,36607,47581,38653,49627,25633,54091
43133,34763,58757,35879,44249,42017,50387,27509,51503
43189,9337,86341,33889,67741,18637,52489,37,77041
43223,26297,70379,32993,49919,36527,53453,16067,60149
43261,6991,80833,41959,78229,8293,44563,5689,79531
43271,21881,84191,23741,45131,41411,62801,2351,64661
43283,10733,80669,38447,70997,15569,48119,5897,75833
43291,27109,65983,36781,52963,33619,49801,20599,59473
43291,15391,84211,30271,58171,28411,56311,2371,71191
43321,28813,68059,33091,47599,39043,53551,18583,57829
43397,18287,84131,27773,52883,33911,59021,2663,68507
43403,16433,75209,38567,65537,21269,48239,11597,70373
43403,22013,75209,32987,54377,32429,53819,11597,64793
43411,18301,80611,31321,56431,30391,55501,6211,68521
43451,8111,82883,39359,74699,12203,47543,4019,78791
43457,39551,49223,41597,45503,41411,45317,37691,47363
43457,14813,73961,41597,70241,16673,45317,12953,72101
43457,12953,75821,41597,72101,14813,45317,11093,73961
43487,20981,66923,42557,65063,21911,44417,20051,65993
43487,20051,67853,42557,65993,20981,44417,19121,66923
43607,11987,76157,42677,74297,12917,44537,11057,75227
43613,17573,86579,26687,52727,34499,60539,647,69653
43627,18517,72271,40093,65203,22051,47161,14983,68737
43649,19469,75641,35837,60017,27281,51461,11657,67829
43661,22643,80489,27851,48869,38453,59471,6833,64679
43691,30113,70289,30671,44249,43133,56711,17093,57269
43691,9839,82193,39041,72893,14489,48341,5189,77543
43721,17681,80363,33119,59159,28283,54323,7079,69761
43721,17681,85199,28283,54323,33119,59159,2243,69761
43753,6553,84859,39847,77047,10459,47659,2647,80953
43753,5623,86719,38917,77047,10459,48589,787,81883
43753,7297,86719,37243,73699,13807,50263,787,80209
43781,32621,62753,35969,47129,40433,51593,24809,54941
43801,30781,63703,36919,49939,37663,50683,23899,56821
43943,22367,85049,24413,45989,41897,63473,2837,65519
43943,28319,64217,39293,54917,32969,48593,23669,59567
43951,17911,72223,41719,67759,20143,46183,15679,69991
43991,23531,70589,37853,58313,29669,50129,17393,64451
44021,12959,85313,33791,64853,23189,54251,2729,75083
44027,28403,74531,29147,44771,43283,58907,13523,59651
44027,17987,81041,33053,59093,28961,55001,7013,70067
44029,24499,67651,39937,59467,28591,48121,20407,63559
44029,20407,87181,24499,48121,39937,63559,877,67651
44059,22669,84421,25087,46477,41641,63031,3697,65449
44089,8377,86311,37579,73291,14887,50599,1867,79801
44159,5099,87869,39509,78569,9749,48809,449,83219
44159,18119,83219,31139,57179,31139,57179,5099,70199
44171,21851,87323,23339,45659,42683,65003,1019,66491
44171,19433,79139,33941,58679,29663,54401,9203,68909
44179,15349,77101,40087,68917,19441,48271,11257,73009
44263,17293,80347,35149,62119,26407,53377,8179,71233
44267,22877,74771,35153,56543,31991,53381,13763,65657
44267,22877,77933,31991,53381,35153,56543,10601,65657
44269,34039,62311,36457,46687,41851,52081,26227,54499
44269,20089,86677,26041,50221,38317,62497,1861,68449
44269,20089,76261,36457,60637,27901,52081,12277,68449
44279,29399,70877,32561,47441,41117,55997,17681,59159
44371,24841,71899,36373,55903,32839,52369,16843,63901
44417,15773,82361,35117,63761,25073,53717,6473,73061
44417,11681,86453,35117,67853,20981,53717,2381,77153
44453,27527,76259,29573,46499,42407,59333,12647,61379
44453,10973,80537,41849,75329,13577,47057,8369,77933
44497,15667,78721,39103,67933,21061,49891,10273,73327
44497,5437,88951,39103,78163,10831,49891,43,83557
44497,13063,86161,34267,65701,23293,54727,2833,75931
44519,11969,80231,41357,73907,15131,47681,8807,77069
44533,18493,75967,39139,65179,23887,49927,13099,70573
44537,24077,78017,31517,51977,37097,57557,11057,64997
44537,20543,81551,31517,55511,33563,57557,7523,68531
44543,27803,71699,34127,50867,38219,54959,17387,61283
44543,27617,71699,34313,51239,37847,54773,17387,61469
44549,20369,75239,38039,62219,26879,51059,13859,68729
44549,20369,86399,26879,51059,38039,62219,2699,68729
44549,13859,81749,38039,68729,20369,51059,7349,75239
44549,7349,88259,38039,75239,13859,51059,839,81749
44563,26893,72649,34147,51817,37309,54979,16477,62233
44633,25847,71789,36263,55049,34217,53003,17477,63419
44641,25111,69193,39619,59149,30133,49663,20089,64171
44687,13997,86351,33713,64403,24971,55661,3023,75377
44699,36887,54371,42839,50651,38747,46559,35027,52511
44701,25171,67021,41911,61441,27961,47491,22381,64231
44819,23801,78857,31799,52817,36821,57839,10781,65837
44839,32749,62137,39631,51721,37957,50047,27541,56929
44887,27961,66463,40237,57163,32611,49537,23311,61813
44917,34687,59053,41011,51241,38593,48823,30781,55147
44917,17761,81373,35617,62773,27061,54217,8461,72073
44917,18691,81373,34687,60913,28921,55147,8461,71143
44963,25247,80489,29153,48869,41057,60773,9437,64679
44987,3137,89627,42197,84047,5927,47777,347,86837
44987,15227,88883,30851,60611,29363,59123,1091,74747
45077,13457,79301,42473,74093,16061,47681,10853,76697
45083,32993,65357,36899,48989,41177,53267,24809,57173
45127,31177,62983,41221,55171,35083,49033,27271,59077
45137,14633,84011,36767,67271,23003,53507,6263,75641
45161,16889,85523,33071,61343,28979,57251,4799,73433
45179,32159,58757,44621,57641,32717,45737,31601,58199
45179,36809,56711,42017,50387,39971,48341,33647,53549
45179,36809,58757,39971,48341,42017,50387,31601,53549
45197,26783,72911,35897,54311,36083,54497,17483,63611
45247,21067,77797,36877,61057,29437,53617,12697,69427
45259,20521,76507,38749,63487,27031,51769,14011,69997
45289,17389,77839,40639,68539,22039,49939,12739,73189
45317,16673,77681,41597,70241,20393,49037,12953,73961
45343,37159,60037,38833,47017,43669,51853,30649,53527
45343,32323,66919,36787,49807,40879,53899,23767,58363
45361,22669,89443,23971,46663,44059,66751,1279,68053
45361,23971,84421,27691,49081,41641,63031,6301,66751
45377,24917,84437,26777,47237,43517,63977,6317,65837
45377,22871,79973,33287,55793,34961,57467,10781,67883
45427,13807,80953,41521,73141,17713,49333,9901,77047
45481,29671,65011,41761,57571,33391,49201,25951,61291
45481,33391,64081,38971,51061,39901,51991,26881,57571
45491,4013,89759,42701,84179,6803,48281,1223,86969
45541,24151,67489,44983,66373,24709,46099,23593,66931
45541,14851,79579,42193,72883,18199,48889,11503,76231
45569,30689,63611,42407,57287,33851,48731,27527,60449
45569,15809,80537,40361,70121,21017,50777,10601,75329
45587,25127,76091,35543,56003,35171,55631,15083,66047
45599,29789,75731,31277,47087,44111,59921,15467,61409
45641,20903,89909,26111,50849,40433,65171,1373,70379
45641,6581,89909,40433,79493,11789,50849,1373,84701
45659,22409,91229,23339,46589,44729,67979,89,68909
45659,7901,84347,44729,82487,8831,46589,6971,83417
45667,39157,52363,45481,51991,39343,45853,38971,52177
45673,29863,70783,36373,52183,39163,54973,20563,61483
45691,34159,67453,35461,46993,44389,55921,23929,57223
45697,34537,67273,35281,46441,44953,56113,24121,56857
45707,32687,69143,35291,48311,43103,56123,22271,58727
45707,4787,90533,41801,82721,8693,49613,881,86627
45707,12227,89603,35291,68771,22643,56123,1811,79187
45737,19697,82007,35507,61547,29927,55967,9467,71777
45757,26227,74587,36457,55987,35527,55057,16927,65287
45757,14323,86491,36457,67891,23623,55057,5023,77191
45767,21773,74411,41117,65111,26423,50417,17123,69761
45821,15131,77813,44519,75209,16433,47123,13829,76511
45823,4903,88789,43777,84697,6949,47869,2857,86743
45823,16063,85999,35407,65167,26479,56239,5647,75583
45853,6793,89563,41203,80263,11443,50503,2143,84913
45943,29017,72169,36643,53569,38317,55243,19717,62869
45949,36277,60271,41299,50971,40927,50599,31627,55621
45953,19913,76829,41117,67157,24749,50789,15077,71993
45953,19913,88547,29399,55439,36467,62507,3359,71993
45989,26459,71471,40037,59567,32411,51941,20507,65519
46027,26683,68161,43237,62581,29473,48817,23893,65371
46049,15731,89387,33029,63347,28751,59069,2711,76367
46073,33053,70067,35099,48119,44027,57047,22079,59093
46073,13523,86249,38447,70997,21149,53699,5897,78623
46073,13523,87179,37517,70067,22079,54629,4967,78623
46091,19121,79943,39209,66179,26003,52973,12239,73061
46093,16333,84967,36979,66739,25447,55207,7219,75853
46099,12619,85159,40519,73999,18199,51679,7039,79579
46099,7039,92041,39217,78277,13921,52981,157,85159
46103,13553,89627,35129,67679,24527,57077,2579,78653
46133,30137,76079,32183,48179,44087,60083,16187,62129
46171,25153,86719,26641,47659,44683,65701,5623,67189
46181,17909,80963,39671,67943,24419,52691,11399,74453
46181,11399,87473,39671,74453,17909,52691,4889,80963
46187,35027,61253,42281,53441,38933,50093,31121,57347
46187,35027,64601,38933,50093,42281,53441,27773,57347
46187,28517,67763,42281,59951,32423,50093,24611,63857
46187,28517,77621,32423,50093,42281,59951,14753,63857
46187,4337,91943,42281,84131,8243,50093,431,88037
46187,20147,90641,27773,53813,38561,64601,1733,72227
46237,36007,65581,37123,47353,45121,55351,26893,56467
46237,9967,89017,39727,75997,16477,52747,3457,82507
46261,25801,68023,44959,65419,27103,47563,24499,66721
46261,21523,91459,25801,50539,41983,66721,1063,70999
46279,31957,68041,38839,53161,39397,53719,24517,60601
46279,17449,90547,30841,59671,32887,61717,2011,75109
46351,27751,77041,34261,52861,39841,58441,15661,64951
46381,17551,89533,32059,60889,31873,60703,3229,75211
46489,4639,92431,42397,84247,8731,50581,547,88339
46573,30763,75217,33739,49549,43597,59407,17929,62383
46633,10177,87739,41983,78439,14827,51283,5527,83089
46639,27109,72679,40129,59659,33619,53149,20599,66169
46639,33619,66169,40129,53149,40129,53149,27109,59659
46643,4793,91283,43853,85703,7583,49433,2003,88493
46643,13907,92399,33623,66359,26927,59663,887,79379
46649,21911,89057,28979,53717,39581,64319,4241,71387
46649,15959,90359,33629,64319,28979,59669,2939,77339
46811,23561,91079,25793,49043,44579,67829,2543,70061
46819,12967,92761,34729,68581,25057,58909,877,80671
46831,16141,78079,46273,76963,16699,47389,15583,77521
46831,22651,80683,37159,61339,32323,56503,12979,71011
46867,24733,79231,36637,58771,34963,57097,14503,69001
46877,15443,81101,44087,75521,18233,49667,12653,78311
46933,10663,89899,40237,76507,17359,53629,3967,83203
46957,21661,87133,32077,57373,36541,61837,6781,72253
47051,26591,72719,41843,62303,31799,52259,21383,67511
47087,24953,89681,26627,48761,45413,67547,4493,69221
47087,34253,66431,40577,53411,40763,53597,27743,59921
47087,18443,82241,40577,69221,24953,53597,11933,75731
47087,18443,91541,31277,59921,34253,62897,2633,75731
47087,17327,89681,34253,64013,30161,59921,4493,76847
47093,8963,90059,42257,80387,13799,51929,4127,85223
47119,24799,91387,25171,47491,46747,69067,2851,69439
47119,32797,68881,39679,54001,40237,54559,25357,61441
47137,18307,91591,31513,60343,33931,62761,2683,75967
47147,9203,88811,43427,81371,12923,50867,5483,85091
47147,19433,81371,40637,68351,25943,53657,12923,74861
47149,34129,61099,46219,59239,35059,48079,33199,60169
47149,8089,88069,45289,84349,9949,49009,6229,86209
47149,21481,85837,34129,59797,34501,60169,8461,72817
47161,10891,84919,45673,81943,12379,48649,9403,83431
47189,39749,55931,45887,53327,41051,48491,38447,54629
47207,38651,62273,40697,49253,45161,53717,32141,55763
47207,23027,73433,45161,69341,25073,49253,20981,71387
47207,33071,67853,40697,54833,39581,53717,26561,61343
47207,26561,74363,40697,61343,33071,53717,20051,67853
47207,21911,90173,29537,54833,39581,64877,4241,72503
47251,21211,86311,34231,60271,34231,60271,8191,73291
47279,25889,85037,30911,52301,42257,63647,9521,68669
47287,21433,88951,31477,57331,37243,63097,5623,73141
47293,23857,92119,25903,49339,45247,68683,2467,70729
47293,16603,85237,40039,70729,23857,54547,9349,77983
47297,37997,61991,41903,51203,43391,52691,32603,56597
47297,25163,86171,30557,52691,41903,64037,8423,69431
47317,19231,88423,34297,62383,32251,60337,6211,75403
47351,16661,92363,33029,63719,30983,61673,2339,78041
47389,36229,59107,46831,57991,36787,47947,35671,58549
47389,12049,94447,35671,71011,23767,59107,331,82729
47501,36341,64613,41549,52709,42293,53453,30389,58661
47501,20903,85259,36341,62939,32063,58661,9743,74099
47521,9949,88813,43801,81373,13669,51241,6229,85093
47527,8467,88261,45853,84913,10141,49201,6793,86587
